Date,Afghanistan,Albania,Algeria,Andorra,Angola,Antigua and Barbuda,Argentina,Armenia,Australia,Austria,Azerbaijan,Bahamas,Bahrain,Bangladesh,Barbados,Belarus,Belgium,Belize,Benin,Bolivia,Bosnia and Herzegovina,Botswana,Brazil,Brunei,Bulgaria,Burkina Faso,Burma,Burundi,Cabo Verde,Cameroon,Canada,Chile,China,Colombia,Congo (Brazzaville),Congo (Kinshasa),Costa Rica,Cote d'Ivoire,Croatia,Cuba,Cyprus,Czechia,Denmark,Diamond Princess,Djibouti,Dominican Republic,Ecuador,Egypt,El Salvador,Estonia,Eswatini,Ethiopia,Finland,France,Gabon,Gambia,Georgia,Germany,Ghana,Greece,Guatemala,Guinea,Guyana,Haiti,Honduras,Hungary,India,Indonesia,Iran,Iraq,Ireland,Israel,Italy,Jamaica,Japan,Jordan,Kenya,South Korea,Kosovo,Kuwait,Kyrgyzstan,Latvia,Lebanon,Liberia,Libya,Liechtenstein,Lithuania,Luxembourg,MS Zaandam,Malawi,Malaysia,Mali,Malta,Mauritania,Mauritius,Mexico,Moldova,Monaco,Montenegro,Morocco,Netherlands,New Zealand,Nicaragua,Niger,Nigeria,North Macedonia,Norway,Oman,Pakistan,Panama,Paraguay,Peru,Philippines,Poland,Portugal,Qatar,Romania,Russia,San Marino,Saudi Arabia,Senegal,Serbia,Singapore,Slovenia,Somalia,South Africa,Spain,Sri Lanka,Sudan,Suriname,Sweden,Switzerland,Syria,Taiwan*,Tanzania,Thailand,Togo,Trinidad and Tobago,Tunisia,Turkey,US,Ukraine,United Arab Emirates,United Kingdom,Uruguay,Uzbekistan,Venezuela,West Bank and Gaza,Zambia,Zimbabwe
2020-01-22,,,,,,,,,,,,,,,,,,,,,,,,,,,,,,,,,,,,,,,,,,,,,,,,,,,,,,,,,,,,,,,,,,,,,,,,,,,,,,,,,,,,,,,,,,,,,,,,,,,,,,,,,,,,,,,,,,,,,,,,,,,,,,,,,,,,,,,,,,,,,,,,,,,,,,
2020-01-23,,,,,,,,,,,,,,,,,,,,,,,,,,,,,,,,,,,,,,,,,,,,,,,,,,,,,,,,,,,,,,,,,,,,,,,,,,,,,,,,,,,,,,,,,,,,,,,,,,,,,,,,,,,,,,,,,,,,,,,,,,,,,,,,,,,,,,,,,,,,,,,,,,,,,,
2020-01-24,,,,,,,,,,,,,,,,,,,,,,,,,,,,,,,,,,,,,,,,,,,,,,,,,,,,,,,,,,,,,,,,,,,,,,,,,,,,,,,,,,,,,,,,,,,,,,,,,,,,,,,,,,,,,,,,,,,,,,,,,,,,,,,,,,,,,,,,,,,,,,,,,,,,,,
2020-01-25,,,,,,,,,,,,,,,,,,,,,,,,,,,,,,,,,,,,,,,,,,,,,,,,,,,,,,,,,,,,,,,,,,,,,,,,,,,,,,,,,,,,,,,,,,,,,,,,,,,,,,,,,,,,,,,,,,,,,,,,,,,,,,,,,,,,,,,,,,,,,,,,,,,,,,
2020-01-26,,,,,,,,,,,,,,,,,,,,,,,,,,,,,,,,,,,,,,,,,,,,,,,,,,,,,,,,,,,,,,,,,,,,,,,,,,,,,,,,,,,,,,,,,,,,,,,,,,,,,,,,,,,,,,,,,,,,,,,,,,,,,,,,,,,,,,,,,,,,,,,,,,,,,,
2020-01-27,,,,,,,,,,,,,,,,,,,,,,,,,,,,,,,,,0.36984991212006024,,,,,,,,,,,,,,,,,,,,,,,,,,,,,,,,,,,,,,,,,,,,,,,,,,,,,,,,,,,,,,,,,,,,,,,,,,,,,,,,,,,,,,,,,,,,,,,,,,,,,,,,,,,,,,,,,,,,,
2020-01-28,,,,,,,,,,,,,,,,,,,,,,,,,,,,,,,,,0.41439787262929423,,,,,,,,,,,,,,,,,,,,,,,,,,,,,,,,,,,,,,,,,,,,,,,,,,,,,,,,,,,,,,,,,,,,,,,,,,,,,,,,,,,,,,,,,,,,,,,,,,,,,,,,,,,,,,,,,,,,,
2020-01-29,,,,,,,,,,,,,,,,,,,,,,,,,,,,,,,,,0.37487489035023214,,,,,,,,,,,,,,,,,,,,,,,,,,,,,,,,,,,,,,,,,,,,,,,,,,,,,,,,,,,,,,,,,,,,,,,,,,,,,,,,,,,,,,,,,,,,,,,,,,,,,,,,,,,,,,,,,,,,,
2020-01-30,,,,,,,,,,,,,,,,,,,,,,,,,,,,,,,,,0.335116051257148,,,,,,,,,,,,,,,,,,,,,,,,,,,,,,,,,,,,,,,,,,,,,,,,,,,,,,,,,,,,,,,,,,,,,,,,,,,,,,,,,,,,,,,,,,,,,,,,,,,,,,,,,,,,,,,,,,,,,
2020-01-31,,,,,,,,,,,,,,,,,,,,,,,,,,,,,,,,,0.3000098604537862,,,,,,,,,,,,,,,,,,,,,,,,,,,,,,,,,,,,,,,,,,,,,,,,,,,,,,,,,,,,,,,,,,,,,,,,,,,,,,,,,,,,,,,,,,,,,,,,,,,,,,,,,,,,,,,,,,,,,
2020-02-01,,,,,,,,,,,,,,,,,,,,,,,,,,,,,,,,,0.2611288362766819,,,,,,,,,,,,,,,,,,,,,,,,,,,,,,,,,,,,,,,,,,,,,,,,,,,,,,,,,,,,,,,,,,,,,,,,,,,,,,,,,,,,,,,,,,,,,,,,,,,,,,,,,,,,,,,,,,,,,
2020-02-02,,,,,,,,,,,,,,,,,,,,,,,,,,,,,,,,,0.24914558959714875,,,,,,,,,,,,,,,,,,,,,,,,,,,,,,,,,,,,,,,,,,,,,,,,,,,,,,,,,,,,,,,,,,,,,,,,,,,,,,,,,,,,,,,,,,,,,,,,,,,,,,,,,,,,,,,,,,,,,
2020-02-03,,,,,,,,,,,,,,,,,,,,,,,,,,,,,,,,,0.24852081197969175,,,,,,,,,,,,,,,,,,,,,,,,,,,,,,,,,,,,,,,,,,,,,,,,,,,,,,,,,,,,,,,,,,,,,,,,,,,,,,,,,,,,,,,,,,,,,,,,,,,,,,,,,,,,,,,,,,,,,
2020-02-04,,,,,,,,,,,,,,,,,,,,,,,,,,,,,,,,,0.23265264873941774,,,,,,,,,,,,,,,,,,,,,,,,,,,,,,,,,,,,,,,,,,,,,,,,,,,,,,,,,,,,,,,,,,,,,,,,,,,,,,,,,,,,,,,,,,,,,,,,,,,,,,,,,,,,,,,,,,,,,
2020-02-05,,,,,,,,,,,,,,,,,,,,,,,,,,,,,,,,,0.21430921900377953,,,,,,,,,,,,,,,,,,,,,,,,,,,,,,,,,,,,,,,,,,,,,,,,,,,,,,,,,,,,,,,,,,,,,,,,,,,,,,,,,,,,,,,,,,,,,,,,,,,,,,,,,,,,,,,,,,,,,
2020-02-06,,,,,,,,,,,,,,,,,,,,,,,,,,,,,,,,,0.18580932775534761,,,,,,,,,,,,,,,,,,,,,,,,,,,,,,,,,,,,,,,,,,,,,,,,,,,,,,,,,,,,,,,,,,,,,,,,,,,,,,,,,,,,,,,,,,,,,,,,,,,,,,,,,,,,,,,,,,,,,
2020-02-07,,,,,,,,,,,,,,,,,,,,,,,,,,,,,,,,,0.15650055438539975,,,,,,,,,,,,,,,,,,,,,,,,,,,,,,,,,,,,,,,,,,,,,,,,,,,,,,,,,,,,,,,,,,,,,,,,,,,,,,,,0.0,,,,,,,,,,,,,,,,,,,,,,,,,,,,,,,,,,,,,
2020-02-08,,,,,,,,,,,,,,,,,,,,,,,,,,,,,,,,,0.1409537212812676,,,,,,,,,,,,,,,,,,,,,,,,,,,,,,,,,,,,,,,,,,,,,,,,,,,,,,,,,,,,,,,,,,,,,,,,,,,,,,,,0.0,,,,,,,,,,,,,,,,,,,,,,,,,,,,,,,,,,,,,
2020-02-09,,,,,,,,,,,,,,,,,,,,,,,,,,,,,,,,,0.1318266336563586,,,,,,,,,,,,,,,,,,,,,,,,,,,,,,,,,,,,,,,,,,,,,,,,,,,,,,,,,,,,,,,,,,,,,,,,,,,,,,,,0.0,,,,,,,,,,,,,,,,,,,,,,,,,,,,,,,,,,,,,
2020-02-10,,,,,,,,,,,,,,,,,,,,,,,,,,,,,,,,,0.12518186787041372,,,,,,,,,,,,,,,,,,,,,,,,,,,,,,,,,,,,,,,,,,,,,,,,,,,,,,,,,,,,,,,,,,,,,,,,,,,,,,,,0.0,,,,,,,,,,,,,,,,,,,,,,,,,,,,,,,,,,,,,
2020-02-11,,,,,,,,,,,,,,,,,,,,,,,,,,,,,,,,,0.11229195308068037,,,,,,,,,,,,,,,,,,,,,,,,,,,,,,,,,,,,,,,,,,,,,,,,,,,,,,,,,,,,,,,,,,,,,,,,,,,,,,,,0.0,,,,,,,,,,,,,,,,,,,,,,,,,,,,,,,,,,,,,
2020-02-12,,,,,,,,,,,,,,,,,,,,,,,,,,,,,,,,,0.10558165973820831,,,,,,,,,,,,,,,,,,,,,,,,,,,,,,,,,,,,,,,,,,,,,,,,,,,,,,,,,,,,,,,,,,,,,,,,,,,,,,,,0.0,,,,,,,,,,,,,,,,,,,,,,,,,,,,,,,,,,,,,
2020-02-13,,,,,,,,,,,,,,,,,,,,,,,,,,,,,,,,,0.10901494520695965,,,,,,,,,,,,,,,,,,,,,,,,,,,,,,,,,,,,,,,,,,,,,,,,,,,,,,,,,,,,,,,,,,,,,,,,,,,,,,,,0.0,,,,,,,,,,,,,,,,,,,,,,,,,,,,,,,,,,,,,
2020-02-14,,,,,,,,,,,,,,,,,,,,,,,,,,,,,,,,,0.10762528419614643,,,,,,,,,,,,,,,,,,,,,,,,,,,,,,,,,,,,,,,,,,,,,,,,,,,,,,,,,,,,,,,,,,,,,,,,,,,,,,,,0.0,,,,,,,,,,,,,,,,,,,,,,,,,,,,,,,,,,,,,
2020-02-15,,,,,,,,,,,,,,,,,,,,,,,,,,,,,,,,,0.10299715656716567,,,,,,,,,,,,,,,,,,,,,,,,,,,,,,,,,,,,,,,,,,,,,,,,,,,,,,,,,,,,,,,,,,,,,,,,,,,,,,,,0.0,,,,,,,,,,,,,,,,,,,,,,,,,,,,,,,,,,,,,
2020-02-16,,,,,,,,,,,,,,,,,,,,,,,,,,,,,,,,,0.10258887395932126,,,,,,,,,,,,,,,,,,,,,,,,,,,,,,,,,,,,,,,,,,,,,,,,,,,,,,,,,,,,,,,,,,,,,,,,,,,,,,,,0.0,,,,,,,,,,,,,,,,,,,,,,,,,,,,,,,,,,,,,
2020-02-17,,,,,,,,,,,,,,,,,,,,,,,,,,,,,,,,,0.09650577577950914,,,,,,,,,,,,,,,,,,,,,,,,,,,,,,,,,,,,,,,,,,,,,,,,,,,,,,,,,,,,,,,,,,,,,,,,,,,,,,,,0.0,,,,,,,,,,,,,,,,,,,,,,,,,,,,,,,,,,,,,
2020-02-18,,,,,,,,,,,,,,,,,,,,,,,,,,,,,,,,,0.08128372801334205,,,,,,,,,,,,,,,,,,,,,,,,,,,,,,,,,,,,,,,,,,0.0,,,,,,,,,,,,,,,,,,,,,,,,,,,,,,,,,,,,,,0.0,,,,,,,,,,,,,,,,,,,,,,,,,,,,,,,,,,,,,
2020-02-19,,,,,,,,,,,,,,,,,,,,,,,,,,,,,,,,,0.0702451810555688,,,,,,,,,,,,,,,,,,,,,,,,,,,,,,,,,,,,,,,,,,0.0,,,,,,,,,,,,,,,,,,,,,,,,,,,,,,,,,,,,,,0.0,,,,,,,,,,,,,,,,,,,,,,,,,,,,,,,,,,,,,
2020-02-20,,,,,,,,,,,,,,,,,,,,,,,,,,,,,,,,,0.059983113297141476,,,,,,,,,,,,,,,,,,,,,0.0,,,,,,,,,,,,,,,,,,,,,0.0,,,,,,,,,,,,,,,,,,,,,,,,,,,,,,,,,,,,,,0.0,,,,,,,,,,,,,,,,,,,,,,,,,,,,,,,,,,,,,
2020-02-21,,,,,,,,,,,,,,,,,,,,,,,,,,,,,,,,,0.05469561515053901,,,,,,,,,,,,,,,,,,,,,0.0,,,,,,,,,,,,,,,,,,,,,0.0,,,,,,,,,,,,,,,,,,,,,,,,,,,,,,,,,,,,,,0.0,,,,,,,,,,,,,,,,,,,,,0.0,,,,,,,,,,,,,,,,
2020-02-22,,,,,,,,,,,,,,,,,,,,,,,,,,,,,,,,,0.05032396645688697,,,,,,,,,,,,,,,,,,,,,0.0,,,,,,,,,,,,,,,,,,,,,0.0,,,,,,,,,,,,,,,,,,,,,,,,,,,,,,,,,,,,,,0.0,,,,,,,,,,,,,,,,,,,,,0.0,,,,,,,,,,,,,,,,
2020-02-23,,,,,,,,,,,,,,,,,,,,,,,,,,,,,,,,,0.0442219014918267,,,,,,,,,,,,,,,,,,,,,0.0,,,,,,,,,,,,,,,,,,,,,0.0,,,,,,,,,,,,,,,,,,,,,,,,,,,,,,,,,,,,,,0.0,,,,,,,,,,,,,,,,,,,,,0.0,,,,,,,,,,,,,,,,
2020-02-24,,,,,,,,,,,,,,,,,,,,,,,,,,,,,,,,,0.040473084665280434,,,,,,,,,,,,,,,,,,,,,0.0,,,,,,,,,,,,,,,0.43096908110525556,,,,,,0.0,,,,,,,,,,,,,,,,,,,,,,,,,,,,,,,,,,,,,,0.0,,,,,,,,,,,,,,,,,,,,,0.0,,,,,,,,,,,,,,,,
2020-02-25,,,,,,,,,,,,,,,,,,,,,,,,,,,,,,,,,0.0385218847423909,,,,,,,,,,,0.08447177119769855,,,,,,,,,,0.04956611833234503,,,,,,,,,,,,,,,0.4374444956463526,,,,,,0.04956611833234503,,,0.5848931924611136,,,,,,,,,,,,,,,,,,,,,,,,,,,,,,,,,,,0.0,,,,,,,,,,,,,,,,,,,,,0.0,,,,,,,,,,,,,,,,
2020-02-26,,,,,,,,,,,,,,,,,,,,,,,,,,,,,,,,,0.03391079837143913,,,,,,,,,,,0.1272894937305896,,,,,,,,,,0.11565427610880508,,,,,,,,,,,,,,,0.39789578389092467,,,,0.6437518295172258,,0.1725907947007581,,,0.4899744748891221,,,,,,,,,,,,,,,,,,,,,,,,,,,,,,,,,,,0.0,,,,,,,,,,,,,,,,,,,,,0.0,,,,,,,,,,,,,,,,
2020-02-27,,,,,,,,,,,,,,,,,,,,,,,,,,,,,,,,,0.028106962130655205,,,,,,,,,,,0.14156206790821993,,,,,,,,,,0.13768366203429175,,,,,,,,,,,,,,,0.374698343704504,,,,0.5512437912122297,,0.27053553874884884,,,0.37042364843993747,,,,,,,,,,,,,,,,,,,,,,,,,,,,,,,,,,,0.0,,,,,,,,,,,,,,,,,,,,,0.0,,,,,,,,,,,,,,,,
2020-02-28,,,,,,,,,,,,,,,,,,,,,,,,,,,,,,,,,0.02428329144379082,,,,,,,,,,,0.1463195926340967,,,,,,,,,,0.14502679067612065,,,,,,,,,,,,,,,0.3336993573009119,,,,0.4519393638050581,,0.323257703660986,,,0.22878577425555524,,,,,,,,,,,,,,,,,,,,,,,,,,,,,,,,,,,0.0,,,,,,,,,,,,,,,,,,,,,0.0,,,,,,,,,,,,,,,,
2020-02-29,,,,,,,,,,,,,,,,,,,,,,,,,,,,,,,,,0.01911625147650542,,,,,,,,,,,0.14790543420938895,,,,,,,,,,0.14747450022339695,,,,,,,,,,,,,,,0.2999731185351215,,,,0.35268298233366346,,0.37798548207581883,,,0.16314857173038969,,,,,,,,,,,,,,,,,,,,,,,,,,,,,,,,,,,0.0,,,,,,,,,,,,,,,,,,,,,0.0,,,,,,,,,,,,,,,,
2020-03-01,,,,,,,,,,,,,,,,,,,,,,,,,,,,,,,,,0.016095924923976896,,,,,,,,,,,0.1270251868013742,,,,,,,,,,0.12688154213937686,,,,,,,,,,,,,,,0.2860650023476674,,,,0.3235975727098868,,0.3515618342655306,,,0.1532582034037375,,,,,,,,,,,,,,,,,,,,,,,,,,,,,,,,,,,0.0,,,,,,,,,,,,,,,,,,,,,0.0,,,,,,,,,,,,,,,,
2020-03-02,,,,,,,,,,,,,,,,,,,,,,,,,,,,,,,,,0.014807604234454028,,,,,,,,,,,0.09865624306559044,,,,,,,,,,0.12001722277803684,,,,,,,,,,,,,,,0.2704608801278938,,,,0.34135849899946485,,0.2272548483595822,,,0.16792445019814695,,,,,,,,,,,,,,,,,,,,,,,,,,,,,,,,,,,0.0,,,,,,,,,,,,,,,,,,,,,0.0,,,,,,,,,,,,,,,,
2020-03-03,,,,,,,,,,,,,,,,,,,,,,,,,,,,,,,,,0.014167941440045365,,,,,,,,,,,0.06104267142109634,,,,,,,,,,0.13913797759070234,,,,,,,,,,,,,,,0.24442252034169387,,,,0.3619937705404628,,0.13206613025165978,,,0.18427824786234873,,,,,,,,,,,,,,,,,,,,,,,,,,,,,,,,,,,0.0,,,,,,,,,,,,,,,,,,,,,0.0,,,,,,,,,,,,,,,,
2020-03-04,,,,,,,,,,,,,,,,,,,,,,,,,,,,,,,,,0.01329343359181677,,,,,,,,,,,0.020347557140365447,,,,,,,,,,0.17785575740108495,,,,,,,,,,,,,,,0.22157132514904423,,,,0.37744405571121487,,0.08455839692866884,,,0.19093642177226633,,,,,,,,,,,,,,,,,,,,,,,,,,,,,,,,,,,0.0,,,,,,,,,,,,,,,,,,,,,0.0,,,,,,,,,,,,,,,,
2020-03-05,,,,,,,,,,,,,,,,,,,,,,,,,,,,,,,,,0.012413004068533772,,,,,,,,,,,0.006782519046788483,,,,,,,,,,0.25818224517907196,,,,,,,,,,,,,,,0.2008186180682815,,,,0.3946157816082396,,0.040565228755105674,,,0.18623090167374776,,,,,,,,,,,,,,,,,,,,,,,,,,,,,,,,,,,0.0,,,,,,,,,,,,,,,,,,,,,0.0,,,,,,,0.6437518295172258,,,,,,,,,
2020-03-06,,,,,,,,,0.1486983549970351,,,,,,,,,,,,,,,,,,,,,,,,0.01157668834749201,,,,,,,,,,,0.0022608396822628276,,,,,,,,,,0.3019621332697812,,,,,,,,,,,,,,,0.18406010736180953,,,,0.3884767488753469,,0.013521742918368558,,,0.15970818347729066,,,,,,,,,,,,,,,,,,,,,,,,,,,,,,,,,,,0.0,,,,,,,,,,,,,,,,,,,,,0.0,,0.0,,,,,0.5235137533867407,,,,,,,,,
2020-03-07,,,,,,,,,0.18104254986986254,,,,,,,,,,,,,,,,,,,,,,,,0.010789119715122891,,,,,,,,,,,0.0007536132274209425,,,,,,,,,,0.3214513629009479,,,,,,,,,,,,,,,0.1858442718644615,,,,0.36570929646116385,,0.004507247639456186,,,0.1257573582524231,,,,,,,,,,,,,,,,,,,,,,,,,,,,,,,,,,,0.0,,,,,,,,,,,,,,,,,,,,,0.0,,0.0,,,,,0.3336053068576063,,,,,,,,,
2020-03-08,,,,,,,,,0.1704150868943595,,,,,,,,,,,,,,,,,,,,,,,,0.010059508540321902,,,,,,,,,,,0.0002512044091403142,,,,,,,,,,0.35091568051591876,,,,,,,,,,,,,,,0.19906099754056616,,,,0.3549908495229821,,0.03735786362924875,,,0.11174735750324138,,,,,,,,,,,,,,,,,,,,,,,,,,,,,,,,,,,0.0,,,,,,0.0,,,,,,,,0.762340347832317,,,,,,,0.0,,0.0,,,,,0.24267820049005295,,,,,,,,,
2020-03-09,,,,,,,,,0.11311954309658552,,,,,,,,,,,,,,,,,,,,,,,,0.009122696395914344,,,,,,,,,,,8.37348030467714e-05,,,,,,,,,,0.37428196940898606,,,,,,,,,,,,,,,0.20964425127231082,0.2457309396155174,,,0.34395295242022267,,0.08416351670860962,,,0.09629202838026348,,,,,,,,,,,,,,,,,,,,,,,,,,,,,,,,,,,0.0,,,,,,0.04956611833234503,,,,,,,,0.6973584116519994,,,,,,,0.0,,0.0,,,,,0.1920136693431107,,,,,,,,,
2020-03-10,,,,,,,,,0.09402102849732753,,,,,,,,,,,,,,,,,,,,,,,,0.00826262753809163,,,,,,,,,,,0.010464680426863946,,,,,,,,,,0.39273953177992654,,,,,,,,,,,,,,,0.22153431024886225,0.23837684976040027,,,0.3375744456282752,,0.130951431312777,,,0.08694402420103729,,,,,,,,,,,,,,,,,,,,,,,,,,,,,,,,,,,0.0,,,,,,0.11565427610880508,,,,,,,,0.6471173359009654,,,,,0.2457309396155174,,0.0,,0.0,,,,,0.1948630005525469,,,0.43096908110525556,,,,,,
2020-03-11,,,,,,,,,0.08765485696424154,,,,,,,,,,,,,,,,,,,,,,,,0.007420537420261657,,,,,,,,,,,0.02436176446065136,,,,,,,,,,0.37768836118314675,,,,,,,,,,,,,,,0.23241492244369008,0.19057988576655982,,,0.3194102088918969,,0.18293484969353993,,,0.08178557306150507,,,,,,,,,,,,,,,,,,,,,,,0.3797296614612149,,,,,,,,,,,,0.04956611833234503,,,,,,0.1700278569071192,,,,,,,,0.5542922120960839,,,,,0.2949155870537686,,0.0,,0.0,,,,,0.1964742355200854,,,0.35666163421701463,,,,,,
2020-03-12,,,,,,,,,0.05737554272064669,,,,,,,,,,,,,,,,,,,,,,,,0.006318874907293268,,,,,,,,,,,0.028994125805247167,,,,,,,,,,0.3500413544695684,,,,,,,,,,,,,,,0.22994897404342043,0.14125000398709783,,,0.2964869086722688,,0.21964607013933,,,0.07445140421127322,,,,,,,,,,,,,,,,,,,,,,,0.3439063198206073,,,,,,,,,,,,0.19266471159686502,,,,,,0.2651628193279505,,,,,,,,0.48984812871691014,,,,,0.340235295404766,,0.0,,0.0,,,,,0.1859849712998116,,,0.2976327429254401,,,,,,
2020-03-13,,,,,,,0.1486983549970351,,0.01912518090688223,,,,,,,,,,,,,,,,,,,,,,,,0.005290302240870181,,,,,,,,,,,0.03053824625344577,,,,0.1486983549970351,,,,,,0.3492386163464672,,,,,,,,,,,,,,,0.21787960544859852,0.11109603947769549,,,0.2777069119692899,,0.21657522001408694,,,0.06491311840676338,,,,,,,,,,,,,,,,,,,,,,,0.3118912890442979,,,,,,,,,,,,0.362703646522826,,,,,,0.3415407140834601,,,,,,,,0.4910273674362416,,,,,0.4001929449644661,,0.0,,0.0,,,,,0.18584713864463676,,,0.3025401460258205,,,,,,
2020-03-14,,,,,,,0.1486983549970351,,0.006375060302294077,,,,,,,,,,,,,,,,,,,,,,0.0,,0.00459279610464608,,,,,,,,,,,0.03105295306951197,,,,0.1486983549970351,,,,,,0.3140208061996042,,,,0.3509600385206135,,,,,,,,,,,0.20879308415543005,0.09753443550392162,,,0.25570074027205375,,0.1860616819812905,,,0.06533712229558879,,,,,,,,,,,,,,,,,,,,,,,0.337042953759469,,,,,,,,,,,,0.49793815974513406,,,,,,0.3074649365087021,,,,,,,,0.4968763661636216,,,,,0.40502540130806736,,0.0,,0.0,,,,,0.1862169178864943,,,0.32684477150495655,,,,,,
2020-03-15,,,,,,,0.1486983549970351,,0.002125020100764692,,,,,,,,,,,,,,,,,,,,,,0.10650263692429807,,0.004052003685574068,,,,,,,,,,,0.020787753182352348,,,,0.1486983549970351,,,,,,0.2643995477199354,,,,0.3906487566934103,,,,,,,,,,,0.20035649233687639,0.08180542769182675,,,0.23387824589566888,,0.1605375693627592,,,0.05962794691082135,,,,,0.2457309396155174,,,,,,,,,,,,,,,,,0.0,0.36176115768598244,,,,,,,,,,,,0.5856947518215126,,,,,,0.26444150920452425,,,,,,,,0.4895802197271962,,,,,0.3501942220967485,,0.0,,0.0,,,,,0.18325589539333884,,,0.362451030074316,,,,,,
2020-03-16,,0.0,,,,,0.1486983549970351,,0.036563787783018255,,,,,,,,0.10756634324829006,,,,,,,,0.1486983549970351,,,,,,0.2685800697194691,,0.003733627586965216,,,,,,,,,,,0.006929251060784116,,,,0.20563487358898813,,,,,,0.2576426100923028,,,,0.44035638879193023,,0.3195079107728942,,,,,,,0.1486983549970351,0.3797296614612149,0.1914125648212838,0.07383636937102674,0.1486983549970351,,0.23109032204624091,,0.13719587390700558,,,0.0490255892015796,,,,,0.08191031320517246,,,,,,,,,,,,,,,,,0.04956611833234503,0.422690475533747,,,,,,,,,0.0,,,0.5534718874813312,,,,,,0.2446137062900692,,,,,,,,0.5036930704289185,,,,0.43096908110525556,0.36666913500398285,,0.0,,0.0,,,,,0.19682768354304073,,,0.4379991177544735,,,,,,
2020-03-17,,0.04956611833234503,0.3195079107728942,,,,0.09913223666469007,,0.09760949534278114,0.2457309396155174,,,,,,,0.24688269588214032,,,,,,,,0.1486983549970351,,,,,,0.38800876589702743,,0.0037238479891794443,,,,,,,,,,,0.0023097503535947053,,,,0.2569579079924666,,,,,,0.21573662732439494,,,,0.4251936220250742,,0.359655744565108,,,0.0,,,,0.159633688603417,0.3750357207486113,0.18155239910249021,0.06627432235177101,0.1486983549970351,,0.2218686501098062,,0.11725010773367066,,,0.04674979338293594,,,,,0.027303437735057487,,,,,,,,,,,,,,,,,0.11565427610880508,0.4605964572475214,,,,,,,,,0.0,,,0.43016056451879575,0.3797296614612149,,,,,0.20002769059906853,,,,,,,,0.4801696864431327,,,,0.4972118117203071,0.3457359656324386,,0.0,,0.0,,,,,0.20624267500317162,,,0.48853928442146183,,,,,,
2020-03-18,,0.11565427610880508,0.283324669170617,,,,0.06120133595412954,,0.13166873511228377,0.33206931049788907,0.0,,,,,,0.3336546050354963,,,,,,,,0.1272894937305896,,,,,,0.4851903021075952,,0.003671514824475246,,,,,,,,,,,0.0007699167845315684,,,,0.24947326240783382,,,,,,0.1897008590827358,,,,0.3727479387736959,,0.29602792034111935,,,0.0,,,,0.13093460493271689,0.3734710738444101,0.17111689285297194,0.059790705154122215,0.1272894937305896,,0.19870258236291086,,0.08743537144930723,,,0.048039084427486646,,,,,0.028842426261289886,,,,,,,,,,,,,,,,,0.13768366203429175,0.44406982111345655,,,,,,,,,0.0,,,0.2996374349026982,0.22947347956364542,,,,,0.18054583884295106,,,,,,,,0.39267343951335204,,0.0,,0.49612913085635196,0.2698166892588259,,0.0,,0.0,,,,,0.2359136291027025,0.1486983549970351,,0.49920926431344265,,,,,,
2020-03-19,,0.13768366203429175,0.25109851138346967,,,,0.07671495944984222,,0.15501051421718764,0.3980024909028001,0.0,,,,,,0.42909544260846944,,,,,,,,0.0987443453753289,,,,,,0.5602625685133936,,0.0034191983743803145,,,,,,,,,,0.43096908110525556,0.00025663892817718946,,,0.08447177119769855,0.27157070426541513,,,,,,0.2616862885508644,,,,0.39385650977625564,,0.17639934884528433,,,0.0,,,,0.1602524646370611,0.40092002088700535,0.1591834544489038,0.07520874771816148,0.0987443453753289,,0.1867395696019993,,0.07623754639447104,,,0.04739621819967222,,,,,0.04909670278630474,,,,,0.3195079107728942,,,,,,,,,,,,0.17737098554894806,0.43097000788087,,,,,,0.18466445254224406,,,0.0,,,0.18861922157404373,0.1482020553534085,,,,,0.19333681029699687,,,,,0.0,,,0.3404398128142585,,0.0,,0.43335525226238186,0.27933843551230475,,0.04956611833234503,,0.0,,,,,0.2820961781766135,0.18104254986986254,,0.4965993724738929,,,,,,
2020-03-20,,0.14502679067612065,0.2593079930321401,,,,0.10329502854819195,,0.1747798064338919,0.34856675193148906,0.0,,,,,,0.5566334060608756,,,,,,,,0.08922929592357533,,,,,,0.5232207457846746,,0.0030398518723667345,,,,,,,,,,0.3742434702781088,0.009107575339176317,,,0.1901104541008564,0.32360275883317474,,,,,,0.314514192834181,,,,0.40186788983912286,,0.17556829140032215,,,0.0,,,0.2457309396155174,0.17002508453850917,0.450242060191447,0.14441336922171558,0.09971063986510632,0.08922929592357533,,0.17839919498438728,,0.07132736205842004,,,0.05234003123303869,,,,,0.05584812829464303,,,,,0.38491079601872885,,,,,,,,,,,,0.22294428825999427,0.41542496244805216,,,,,,0.18466445254224406,,,0.0,,,0.12946357184231091,0.1004693170643239,,,,,0.21854355396562164,,,,,0.0,,,0.3179781519248359,,0.0,,0.3677563754483108,0.3293945358026212,,0.11565427610880508,,0.0,,,,,0.2953183840330008,0.22416814303363244,,0.45367653550831816,,,,,,
2020-03-21,,0.14747450022339695,0.2991659219667954,,,,0.13356391284742072,,0.14301821156706826,0.320983224420353,0.0,,0.0,,,,0.5777811133165253,,,,,,,,0.0860576127729908,,,,,,0.4071051078275252,,0.002782394390010366,,,,,,,,,,0.3269595052148499,0.021079916505959948,,,0.3168729242729493,0.3293558591392763,,,,,,0.32408147921504304,,,,0.3640997687521894,,0.2290443283912744,0.0,,0.0,,,0.33206931049788907,0.16779596402592944,0.5074983545722124,0.12827905381336743,0.11289380930053683,0.10746647403943632,,0.1741659200789293,,0.0654366186472312,,,0.06027045878548543,,,,,0.05809860346408913,,,,,0.4721146430131751,,,,,,,,,,,,0.2057911942908489,0.38792112438584514,,,,,,0.18466445254224406,,,0.08191031320517246,,,0.12794700893818653,0.07190641512688861,,,,,0.22860396633302107,,,,,0.04956611833234503,,,0.3034747533377107,,0.0,,0.2952489838677401,0.34080274609895883,,0.13768366203429175,,0.0,,,,,0.2994568030924752,0.1847902846156161,,0.3888186491183101,,,,,,
2020-03-22,,0.14829040340582236,0.2763170684345144,,,,0.14365354094716365,,0.08131296458989404,0.37063215777637376,0.0,,0.09913223666469007,,,,0.5061346443464422,,,,,,0.9036539387158786,,0.0850003850561293,,,,,,0.3318316873189373,,0.0025067641161281534,,,,,,,,,,0.34125411349269635,0.025070696894887824,,0.2457309396155174,0.44816388659428713,0.2911218977335847,,,,,,0.36594190868008564,,,,0.34084268993242556,,0.2506945708647772,0.0,,0.0,,,0.41293718439923227,0.20824001770252187,0.42937365381316145,0.11301029789364873,0.1262884099954538,0.16729858955066293,,0.16566496643370876,,0.07134455066969013,,,0.060880046586485236,,,,,0.058848761853904495,,,,,0.43577970676548916,,,0.3797296614612149,,,,,,,,,0.16772930142830636,0.3392824674135501,,,,,,0.15896508277759272,,,0.25287011130864845,,,0.13426739105767693,0.08002577805269175,0.6952182030724354,,,,0.1964157803158891,,,,,0.14799847098163252,,,0.2916076583667322,,0.0,,0.2473681191548963,0.3242526546708308,,0.14502679067612065,,0.0,,,,0.97435048583482,0.32453650193050326,0.11791127567033773,,0.37711195109244305,,,,,,
2020-03-23,,0.16603773079476292,0.21056175452828474,,,,0.14701675031374462,,0.05728237070541709,0.37490442566690746,0.0,,0.16452051042574753,0.2457309396155174,,,0.457415179401553,,,,,,0.6771971912245659,,0.056490718751275946,0.3195079107728942,,,,,0.2747127938073206,,0.0021656836430213127,,,,,,,0.0,,,0.38995914404703674,0.042025902590006305,,0.2457309396155174,0.5172850114750023,0.27421873707033845,,,,,,0.37948664225287443,,,,0.3250031640689051,,0.2667542173305697,0.0,,0.0,,,0.4801853066363814,0.22720802940778176,0.2695983341506934,0.09881921869308802,0.14088407972185046,0.19923132723614145,,0.15600955772312297,,0.07673301647890796,,,0.05836373352650232,,,,,0.03935753430090556,,,,,0.30132865751180615,,,0.45707312985538845,,,,,,0.0,,,0.17251736346892424,0.3098186845533723,,,,,,0.1267852015429206,,,0.37160275783971985,,,0.13546155457254835,0.1090948921186149,0.6468107295403142,,,,0.1538284695745561,,,,,0.23774577379001471,,,0.2891346241282482,,0.0,,0.23869725755711427,0.30193094401234166,,0.14747450022339695,,0.10650263692429807,,,,0.914779580589412,0.32513485864732544,0.09561827268857827,,0.32967824252832917,,,,,,
2020-03-24,,0.18942886625254185,0.16993644105710018,,,,0.1708145963657304,,0.047857432947860344,0.371818731662287,0.04956611833234503,,0.24325312027138637,0.3149895039498755,,,0.41610262427922695,,,,,,0.5264352441101071,,0.018830239583758648,0.3195079107728942,,,,,0.23740023537899546,,0.002029174726949794,,,,0.1486983549970351,,0.0,0.0,,,0.36404099592756184,0.06330258338718832,,0.2903971802307499,0.49349664586811937,0.2531269302571544,,,,,,0.32448521785566936,,,,0.28885769045288473,,0.27858598999320666,0.0,,0.0,,,0.43476350569704447,0.20656345385210154,0.1889023954439161,0.08708195146682883,0.13700524565095562,0.20987557313130098,,0.14576550622467657,0.0,0.07423183999978973,,,0.05853253143759557,,,,,0.041276435166201365,,,,,0.19957512250195877,,,0.47807741599590403,,,,,0.3195079107728942,0.0,,,0.17411338414913022,0.29137451966264677,,,,,,0.1297692450476116,,0.28473515712343933,0.43942946848512454,,,0.15067532698337627,0.16215097539959908,0.5816465535211833,,,0.0,0.12545355569403613,,,,,0.3123277820080413,,,0.28322063478207565,,0.0,,0.27248413356089746,0.25906697095662695,,0.09872428507347734,,0.24850615282336216,,,0.3195079107728942,0.7796159354929469,0.30741622548509157,0.09588546237818896,,0.2643438916028172,,,,,,
2020-03-25,,0.21209474661649685,0.1385210702050813,,,,0.18787410089227183,,0.06890729522273796,0.3961435903791901,0.14799847098163252,,0.29408964727239156,0.2986145331308406,,,0.35122278061897383,,,,,,0.43756169632300246,,0.006276746527919549,0.30791699288974256,,,,,0.19574100811915396,,0.0019816727004411928,,,,0.09913223666469007,,0.08191031320517246,0.04956611833234503,,,0.3089346560541731,0.060961019921413596,,0.3499521677177266,0.42553660300727825,0.21912908186199287,,,,,,0.2711890114403072,0.0,,,0.26698187073920243,,0.24134282036663332,0.0,,0.0,,,0.3027158587392893,0.25921700449346935,0.15662927245537642,0.07971762366129198,0.13721351573525453,0.3007110875449886,,0.13010574756780033,0.0,0.06631995528446889,,,0.05673303935245938,,,,,0.07007332585386615,,,,,0.12403657767953451,,,0.45278681412196903,,,,,0.3149895039498755,0.0,,,0.20651861841860786,0.27460770398248374,,,,,,0.14238865168056059,,0.2490649268417894,0.490287533835307,,0.2457309396155174,0.1666895276122177,0.21757511448104427,0.4813702932678187,,,0.16382062641034492,0.07324370818840667,,,0.3195079107728942,,0.37434217485817056,,,0.27587000750513574,,0.0,,0.29769992789932415,0.23207123951720923,,0.03290809502449245,,0.2958406581230502,,,0.37673555111312157,0.6735873925810919,0.31099974364062294,0.1036727162915897,0.0,0.22522027645142936,,,,,,
2020-03-26,,0.25911119900163615,0.11159301556804917,,,,0.209928959191643,,0.11083467549491384,0.3756031501991817,0.21315345007088912,,0.2540986376807736,0.23362113369790105,,,0.3097827143227429,,,,0.2457309396155174,,0.3740861638456168,,0.0020922488426398495,0.25624372417928515,,,,,0.18411674762949168,,0.001759373831464979,,,0.2457309396155174,0.03304407888823002,,0.1911240641454024,0.11565427610880508,,,0.29556531095651145,0.05074670836798664,,0.39704146026695564,0.33506709790642786,0.19171519860291375,,,,,0.3797296614612149,0.2533812398901997,0.0,,,0.2739777533666243,0.3195079107728942,0.1743326619882797,0.0,,0.0,,,0.20380221198967022,0.2908602794904684,0.14587156479252986,0.07535364406800331,0.1492723752127599,0.384506741940257,0.5157165665103982,0.11671676993854847,0.0,0.054448460733067895,,,0.051355809767800464,,,,,0.1010811506828666,,,,0.3195079107728942,0.09394647028405713,,,0.3607368546592138,,,,0.1486983549970351,0.2934094514460957,0.04956611833234503,,,0.3073677364254479,0.2611676460293162,,,,,,0.17071014650373986,,0.22186692647406636,0.41724501332040753,0.2457309396155174,0.18042732190750152,0.17380392536948516,0.21975964271807022,0.42123684580165005,,,0.2430198255995855,0.030951767845125776,,,0.06335282468967278,0.0,0.3854237648280132,,,0.2576817422945424,,0.0,,0.32896310530235034,0.20823969551223212,,0.01096936500816415,,0.3316927434523864,,,0.31880099573847076,0.4843161606846514,0.31061524463023527,0.10626846759605661,0.0,0.2146372246200892,,,,,,
2020-03-27,0.3195079107728942,0.25991451458532056,0.10433823182254774,0.2457309396155174,,,0.2755742506234134,,0.13044379870765024,0.31143055802539793,0.25946410015310023,,0.18383178255828128,0.18077063697587414,,,0.31324196310907443,,,,0.3149895039498755,,0.3129164116969712,,0.0622522337949613,0.21885422402274446,,,,,0.19577683521296774,0.3797296614612149,0.0015407461442716564,0.2457309396155174,,0.30747698677876345,0.011014692962743341,,0.2721948884073782,0.1700278569071192,0.3797296614612149,0.5518455739153598,0.2785268796006793,0.04734193785017766,,0.473886042876604,0.2532355538217084,0.16423923377111227,,,,,0.46911613232370897,0.23798119620363942,0.0,,,0.28497763647871616,0.28004675184240657,0.14738134797753685,0.0,,0.0,,,0.1353257798203726,0.23861745005809362,0.14336717927621312,0.07153897762481874,0.14198608012682537,0.4072527371443826,0.60107340851495,0.10990467805514868,0.0,0.04479380058656843,,,0.05026909469873758,,,,,0.13282595355897894,,,,0.39167024460955374,0.13466402348058595,,,0.2372312353723538,,,,0.04956611833234503,0.310808424330628,0.11565427610880508,,,0.3896360390269131,0.2516884851205115,,,,,0.2457309396155174,0.19100458912682405,,0.1804567314786646,0.28254680182605635,0.2457309396155174,0.20438230794426013,0.16529911348995796,0.19187592998517455,0.3885147931100854,,0.5401762375890555,0.29401188238179127,0.02000081400335589,,,0.068721008175063,0.0,0.327371580988048,,,0.23482193573934165,,0.0,,0.3470465017126873,0.18870564515739052,,0.0036564550027213833,,0.3807971620062856,,,0.2280760115073058,0.3248194577889671,0.3035751117558782,0.15318858348662137,0.0,0.22773071117928154,,,,,,
2020-03-28,0.3195079107728942,0.20324576785459567,0.10664380331663188,0.30747698677876345,,,0.29526965536068844,,0.14261350290057348,0.27598096318074544,0.29949330723296286,,0.13058465953470952,0.11132551093847913,,,0.3068773100077516,,,,0.28113917346937517,,0.27399755271128057,,0.1545484567078723,0.2296083630008455,,,,,0.19616180817769624,0.3033985860667239,0.001487127818913126,0.22222964371731488,,0.3280590024998455,0.003671564320914447,,0.36096454365794955,0.220496578712718,0.28900855539023995,0.5216313592202321,0.225037773065995,0.030993830147150275,,0.4970404369061774,0.2117324754151592,0.1497604918996379,,,,,0.545451990813749,0.21498056835079102,0.0,0.0,,0.28270894664474705,0.22743187326842307,0.13973680271027836,0.0,,0.0,,,0.10208382885278033,0.21657691923070665,0.15274226943892996,0.06789657127487729,0.12078735147929313,0.4318215842843815,0.5415182998311302,0.10367570576817357,0.0,0.04501482122199088,,,0.05070588398468092,,,,,0.16088291417914846,,,,0.38405952110918173,0.1745484877223307,,,0.18235874347887235,,,,0.04467929651001453,0.31660808195880547,0.13768366203429175,,0.0,0.407643653879048,0.241386424496437,,,,0.0,0.21338674474268995,0.17679331759640896,,0.1592844804909116,0.23292749397962043,0.19197788347624445,0.22473595889231088,0.15761271627097706,0.17958662182491347,0.34088015869761795,,0.4162601897303742,0.3764121198883612,0.016197703468127114,,,0.22726064530763745,0.028157257065899517,0.26578081532261333,,,0.21264552716105453,,0.0,,0.30993473214987627,0.18555693285305522,,0.001218818334240461,,0.31006438594389524,,,0.1978343500969175,0.2691934798542306,0.29418579830260777,0.22372638654717694,0.028157257065899517,0.23827923031661727,,,,,,0.0
2020-03-29,0.26257139218094117,0.1742496786055077,0.10569109268115064,0.41805421146480576,,,0.2632389022726687,,0.15134095770570224,0.2731940876601639,0.25589985766763074,,0.06326950019450724,0.05232168784325077,,,0.2765952294079767,,,,0.23403238833526743,,0.24513073554322076,,0.19600194142689845,0.24035674741062676,,,0.0,,0.20343206768236774,0.26828747565885824,0.0014272078952279482,0.24674007329074146,,0.2977659509627524,0.001223854773638149,,0.4076342352894869,0.26191180970037653,0.19374645039359137,0.4092032078863612,0.19290972425585215,0.010331276715716759,,0.4278494421272237,0.18054142661072456,0.14721145257150814,,,,,0.5005491827414614,0.19391949204176084,0.0,0.0,,0.27202162876054764,0.1580652866137092,0.1400467219099716,0.0,,0.0,,,0.0876241741884299,0.21768700416135098,0.15667293777977384,0.063463517053924,0.10327857458678093,0.4400111999977145,0.3943875500842438,0.09680856249344515,0.0,0.04292084882920245,,,0.048473888182101015,,,,,0.16362955629692577,,,,0.2624071976509219,0.20389694341611264,,,0.16091885706361408,,,,0.07120761296847054,0.31854130116819795,0.14502679067612065,,0.0,0.4015070196565668,0.2208443312468539,,,,0.04956611833234503,0.2145940456334838,0.17156587264282774,,0.1736284175498931,0.2367432203885662,0.09214988489131433,0.21645850748366946,0.15475198472524507,0.1742376798385379,0.29986507115989247,,0.3457897261198651,0.3792865420047589,0.020343637277867074,0.5157165665103982,,0.2958566157629963,0.06570026648709887,0.22027521788392676,,,0.18931447696765477,,0.04956611833234503,,0.24902861600308723,0.18956867215165543,,0.0674477507718906,,0.20152344106290446,,,0.14836441613335682,0.2486092922020756,0.2791189962954832,0.23552309939805458,0.1045844874150098,0.2414992347662205,,,,,,0.0
2020-03-30,0.13708991572599208,0.18205967518394375,0.1109865470699574,0.4177595629160327,,,0.24804740546915513,,0.12710038493491307,0.2589698325083744,0.17072151863765198,,0.02108983339816908,0.017440562614416923,,,0.25821446843790014,,,,0.2823644386943723,,0.2253252039271202,,0.2098197696665738,0.21159534734105975,,,0.0,0.43096908110525556,0.21202930017066404,0.24358236635359573,0.0013050380183731404,0.23639989889755678,,0.2780008485073527,0.0004079515912127163,,0.3291005571305925,0.2757168866962627,0.198379862240749,0.33271924093607025,0.18026911644673604,0.0034437589052389197,,0.38183371058978227,0.17221012856233156,0.14311639399241957,,0.2457309396155174,,,0.3728863061791528,0.17671836026610607,0.0,0.0,,0.25532963809526016,0.08311479726541851,0.13953427932739257,0.0,,0.04956611833234503,,,0.0902188295640821,0.18428086755596906,0.14487407920975445,0.058388603686032624,0.08928188285768657,0.3908834808953712,0.28580889100868717,0.09133716574922308,0.0,0.03857337318385057,,,0.04605715985062758,,,,,0.1470697440080528,,,,0.1765108224560339,0.21151760158751287,,,0.14171790275565888,,,,0.11893460604920014,0.33295710659994365,0.20441101881534998,,0.04956611833234503,0.35846287585973907,0.20163916810292892,,,0.2457309396155174,0.11565427610880508,0.21499647926374843,0.19291945852337355,,0.20763143768662007,0.2616865674509199,0.030716628297104778,0.2351489426031577,0.1509935003601872,0.16744960297645348,0.2609600258660949,,0.31431051534134946,0.34657377493075286,0.033156550961402735,0.36916137127422816,,0.45215521770937955,0.07821460296083199,0.19740152161008348,,,0.16420620614330425,,0.11565427610880508,,0.20699082694453388,0.18447000307399755,,0.15656553957825106,,0.19290896585633643,,0.2457309396155174,0.11816376756258824,0.23823699800629947,0.2667199328270155,0.24113827303106303,0.18381328700398616,0.24758916051522661,,,,,,0.0
2020-03-31,0.04569663857533069,0.17238356226613408,0.1349168249303893,0.36602986051588854,,,0.2198763465777106,0.2457309396155174,0.09477551795426575,0.22448927943522126,0.12861806837807735,,0.00702994446605636,0.0181926173170217,,,0.2516012835852948,,,,0.2963331613536044,,0.21608879469749953,,0.23293602999745913,0.16074961592809814,,,0.0,0.3692230339420095,0.19292472942850714,0.25040933164316653,0.0012024007915021789,0.22823327008484304,,0.24682015730309384,0.0001359838637375721,,0.20883242237488756,0.25572625530909915,0.17995155305641844,0.31805034005689464,0.16641757311707975,0.007562878465565161,,0.3333517998479791,0.1842225740626449,0.13278900935483096,,0.3149895039498755,,,0.2814586011946234,0.16879133221867695,0.0,0.0,,0.237240728714783,0.05813130081598828,0.1325388760823071,0.0,,0.11565427610880508,,0.4757731615945522,0.11249257595574502,0.18000694988974733,0.12926684676862865,0.05396051783419887,0.07035433358835737,0.3343132186705034,0.21805621477327053,0.08444889613964474,0.08191031320517246,0.034981203806980964,,0.0,0.041447093389406574,0.0,,,,0.13806500457507753,,,,0.14125657358639562,0.18628990199753068,,,0.13032810066832845,,,,0.18859665988204963,0.32918756555432305,0.24168112118989182,,0.11565427610880508,0.24581810675453974,0.18576952964934643,,,0.2903971802307499,0.13768366203429175,0.2524905116629747,0.20106681897735204,,0.21357316950834238,0.27884391544632936,0.010238876099034925,0.2629297635273867,0.13883189315188424,0.18062104544519333,0.22499864455708032,,0.2971148780534212,0.39741556640266357,0.040145668420758195,0.34635841511892623,,0.7135169018439881,0.08238604845207637,0.16869743294660164,,,0.14463827434598295,,0.13768366203429175,,0.19029961889415914,0.17455611216049569,,0.1862714691803712,,0.19513043266828645,,0.23086210440415536,0.1248094886026378,0.23939145452847313,0.2584579913458656,0.27931820946383235,0.24968404579746592,0.25150738379987575,,,,0.0,,0.0
2020-04-01,0.04338946992434308,0.13497022773509304,0.18394415983173298,0.36886054327861406,,,0.1781417987410683,0.34700400399432124,0.09952556120183005,0.20364438138386667,0.09394132140588018,,0.002343314822018787,0.030822398663439346,,,0.24004846151105394,,,,0.2746938681573248,,0.22213466747140276,,0.19304553010754352,0.12017427636234117,,,0.0,0.2998963768936554,0.17426847320907235,0.25268498673969014,0.0012678492385597671,0.23969305819781414,,0.21992880541610146,4.5327954579190705e-05,,0.1423803843656638,0.21671851664055053,0.1511320070651828,0.326119847346082,0.15038943176059713,0.015350877149492764,,0.2436757177713881,0.198124752791022,0.11638650865929034,,0.43670447720442285,,,0.2122755987816544,0.17499705203177843,0.0,0.0,,0.22086980152202226,0.03459028446908715,0.12055746475906219,0.0,,0.19462018062624478,,0.5852948523760337,0.1330837857542113,0.22101698563279767,0.12071776664777412,0.05019392588535906,0.05859192748247375,0.28881863060929786,0.21034082457282702,0.07598455662423363,0.1911240641454024,0.03383122141286213,0.3797296614612149,0.08191031320517246,0.036290458546037414,0.0,,,,0.13506342476408575,,,,0.09712153789659798,0.14493080455624952,,,0.12581292926759383,,,,0.23968758554033545,0.2918490250184666,0.22951216492894685,,0.13768366203429175,0.15897084563461208,0.17014644265742693,,0.0,0.3499521677177266,0.14502679067612065,0.25782485104563585,0.18398649183634094,,0.2139563298563586,0.24363089223283377,0.0034129586996783086,0.27480805426309024,0.11856278086029141,0.21950654379244794,0.193720430332347,,0.2797479309172671,0.441554172415588,0.04926040279542592,0.3790905546758982,,0.6382461694048913,0.10518539154893668,0.13730178289698977,,0.3797296614612149,0.12952524300823295,,0.14502679067612065,,0.2030828067760075,0.16268676805054896,,0.19617344571441128,,0.19587092160560313,0.1486983549970351,0.17985096054462557,0.1306449194399392,0.25181451174743746,0.2481201431545057,0.2648547096229409,0.2962332891144181,0.24653123124291768,,0.1486983549970351,0.2457309396155174,0.0,,0.0
2020-04-02,0.07077767077324673,0.11516411899326322,0.23437852246328836,0.3217729628420802,,,0.1605072121480513,0.3358138727103725,0.11059221817495125,0.1768722689566713,0.06174014219614218,,0.0007811049406729289,0.035032325778911896,,,0.22988698003058847,,,,0.256059928229424,,0.22510543426480825,0.0,0.12847112287115584,0.08573872837462639,,,0.0,0.21461845835530227,0.19390557550319462,0.25193041205255096,0.0013288417148463172,0.233364056372428,,0.18479981469182927,1.5109318193063568e-05,,0.09040486704651492,0.17137174221154025,0.15687842500903673,0.30543102644216596,0.14234997451508433,0.017946876710801963,,0.1753135615735909,0.2001245402512949,0.10727030209700857,,0.4572022180598317,,,0.16682398107091398,0.1867147875263827,0.0,0.0,,0.20598572789401967,0.01153009482302905,0.11104463253884754,0.0,,0.27787866739067774,,0.5534142389698947,0.13994752235370003,0.22782553634490887,0.10838435497576393,0.04733495870703807,0.05389564035901154,0.24065574630840506,0.2242668159915853,0.0691806897904385,0.22752864779214574,0.0336485771568738,0.28900855539023995,0.215716387864528,0.03207643943161039,0.0,,,,0.13190778856656651,,,,0.0667388438303863,0.11116802737079028,,,0.1144984221862011,,,,0.23636239840200626,0.2667894226900156,0.26491700510578614,,0.14502679067612065,0.13637627623389711,0.1567129974682856,,0.0,0.3698038302133855,0.20441101881534998,0.2102543771356485,0.1797871636175088,,0.22638724331454674,0.19723658370377353,0.0011376528998927695,0.2771314170368879,0.117428925340125,0.24761320166330555,0.16963158860891178,0.2457309396155174,0.2625642509761574,0.42447875755800096,0.059083676141864404,0.342764260598766,,0.37930145138691945,0.12048336326475395,0.13331751916366427,,0.3701397871476811,0.11672548739146811,0.3195079107728942,0.14747450022339695,,0.236471639804993,0.15335883861185293,,0.19947410455909131,,0.2060129294735528,0.18104254986986254,0.1453718862633169,0.14171695222825245,0.2622072388109746,0.24084449798104277,0.22678270924065724,0.2871573798342766,0.24035422448580512,,0.04956611833234503,0.24386351024012934,0.0,,0.0
2020-04-03,0.09122545223036331,0.11804496900992247,0.2702703062286848,0.23373755394932996,0.0,,0.1494990456865016,0.2350475925982869,0.11643982334557108,0.14501034277992134,0.05100641579289617,,0.000260368313557643,0.056910052807225976,,,0.21549661011838683,,,0.5518455739153598,0.21586447148466203,,0.2226376926994799,0.0,0.13653635093693287,0.06806213682408357,,,0.0,0.11943802353393766,0.21476559122881667,0.2615767408269291,0.0013278708328014475,0.21707239138009027,,0.17603805218206534,5.036439397687856e-06,0.0,0.09944235436412073,0.13484728946875799,0.14076404073236218,0.261141043659549,0.14730477262874742,0.018812209897905028,,0.13136123642920572,0.21190149171847972,0.10956383348926496,,0.37250380668039434,,,0.1445187440802851,0.19621859973638267,0.0,0.0,,0.19048729344954085,0.0038433649410096835,0.1044788130887206,0.04956611833234503,,0.30563149631215536,,0.3659341720702554,0.1507557985520371,0.22105937637514414,0.09968174036430517,0.04619408254580163,0.0485231147790843,0.21890337067757962,0.22174514171409046,0.06362370189385597,0.23966350900772684,0.04616725218690182,0.13219163287951,0.28491073647010545,0.02748365064358167,0.0,,,,0.11161181766886497,,,,0.07096504161694143,0.08772361590607326,,,0.097099815233978,0.2457309396155174,,,0.20189710116216478,0.2561545260201077,0.33846466566131195,0.0,0.14747450022339695,0.13001975357444415,0.1453201148978802,0.0,0.0,0.3220873918203373,0.22420576152842642,0.18437792831662045,0.16952488471566918,,0.201065642216373,0.1595253103085287,0.0003792176332975898,0.26759205460557606,0.12890246476802197,0.23913665001485576,0.15430833016407067,0.2457309396155174,0.23053441599703386,0.375774784379092,0.057896703572818294,0.29749698618594755,,0.28309077212223716,0.12558268717002638,0.13634169208620828,,0.32227692176127065,0.10430327345934774,0.28004675184240657,0.09872428507347734,,0.2363344498646245,0.1433819948824068,0.1486983549970351,0.13353284618017422,,0.2000723462063392,0.22416814303363244,0.1475895320857957,0.16462499909253317,0.25727969449790494,0.2354985293194377,0.21464794326352912,0.22719555814894302,0.2437710954119168,0.3195079107728942,0.01652203944411501,0.23775437330193758,0.0,,0.0
2020-04-04,0.10935976055688422,0.10142600405222002,0.2839153128189866,0.16030678012217556,0.0,,0.12846898857032227,0.201458832560925,0.12632824846226537,0.11918829473967574,0.05541878136974604,,8.678943785254766e-05,0.09340556975181287,,,0.19045978940692745,,,0.28684545038169373,0.16556699731149874,,0.21477257342114517,0.0,0.1667906000459541,0.05562698869348278,,,0.0,0.0961271886431116,0.21467240581484912,0.2561908230077603,0.0013669514798793636,0.20109083129350402,,0.17606536574380416,1.6788131325626187e-06,0.08191031320517246,0.14975504778086238,0.09284763390508959,0.08640302683170979,0.21170776579615205,0.1512267230303147,0.01910065429360605,,0.11072016360195869,0.21257163026942807,0.11234498674534897,,0.3386302134125092,,,0.12972991564960137,0.192560082826188,0.0,0.0,,0.1730276855538001,0.0012811216470032278,0.09448828871392502,0.11565427610880508,,0.2579459206940282,,0.26265603255078585,0.15902944402563715,0.2236134202784822,0.09049659156102506,0.04556456958589617,0.043073638639617835,0.19901891526550516,0.21408869985106957,0.05730332172447866,0.24370846274625388,0.06182429391622085,0.04406387762650333,0.30797551933863127,0.025043994285628743,0.0,,,,0.0956832224560044,,,,0.08918203785385971,0.08415387048668688,,,0.08660314453387702,0.1771090482648824,,0.0,0.15205730980982587,0.24414000520633924,0.3573397630384145,0.0,0.09872428507347734,0.13183051505894647,0.1321191867859821,0.0,0.0,0.27035857071538033,0.19134285016896427,0.17575244537694443,0.1460834811011998,,0.15664898285232512,0.12060809609252603,0.00012640587776586328,0.24749485351121017,0.12495498089840357,0.22592020722564143,0.14048135126253883,0.21338674474268995,0.17869728652198338,0.31931674677738187,0.05030334720387434,0.289529637659258,,0.25608599051755837,0.1409931323880322,0.1393322858948047,,0.24627092478056012,0.09306904020298179,0.22743187326842307,0.03290809502449245,,0.2054750649973399,0.1268167244352495,0.04956611833234503,0.04451094872672474,,0.18483107018709619,0.23854334075488906,0.16031744654169164,0.170502978194033,0.23989028792638423,0.22190602022038305,0.19344779617074384,0.1611534187980894,0.2398095750848069,0.359655744565108,0.005507346481371671,0.20236109279547523,0.0,,0.0
2020-04-05,0.15067553354710117,0.07675340694203366,0.2698639287228653,0.10975010750585756,0.0,,0.1149642149974212,0.1782738800334014,0.13909039611963606,0.10078319861592004,0.06487984427329453,,2.8929812617515887e-05,0.1222833459636476,,0.5157165665103982,0.16349126546250511,,,0.16300685928438044,0.15350099384937022,0.0,0.19808511634524018,0.0,0.1795733156640926,0.039686077480215014,0.0,,0.0,0.08835691034616956,0.2255535757809515,0.22343447829886762,0.0013188973735973053,0.19694956025025925,,0.16694758108850427,5.596043775208729e-07,0.1911240641454024,0.1892027218495684,0.07884774871720011,0.03674642745710648,0.17568719706437833,0.14105052691440026,0.012781843595020872,,0.09869760801567366,0.1862461086450308,0.10900351093874343,0.2457309396155174,0.31575216024366193,,,0.11053936997025642,0.17472215570514202,0.0,0.0,,0.15721659211940506,0.00042704054900107594,0.09109362093342895,0.1700278569071192,,0.18511421022936614,,0.23027875177270785,0.15290498268509112,0.2135332374467385,0.0757996694474317,0.044203726480528616,0.042015816291908,0.17552123256547555,0.193451584363584,0.051428176080773526,0.16314646745392378,0.07026248542335002,0.02706705565438383,0.352817503738927,0.02465704086780436,0.0,,,,0.08104501397201579,,,,0.10837363440278902,0.08320190176708635,,,0.07507812229635996,0.1619332751648679,,0.0,0.08432599733747992,0.24661202195669804,0.32198867678563037,0.0,0.03290809502449245,0.14286823694490466,0.11410543898541214,0.0,0.0,0.23043885408393586,0.1978639060439423,0.1611356730427194,0.12962940399295217,0.1486983549970351,0.14225560863287445,0.11153452471585489,0.03589758304201864,0.22221860870024546,0.11738353122565442,0.2196036130426846,0.1259115660725487,0.17026115157892005,0.14903644805105518,0.22604085273585336,0.04503592658615671,0.251901192677974,,0.22460061476926305,0.14612994746070082,0.14032915049767017,,0.20281124530418135,0.08314434826372408,0.17870755016604814,0.01096936500816415,,0.17581302043724445,0.10880241545709453,0.01652203944411501,0.014836982908908246,0.0,0.17777552585329925,0.18958201718936832,0.14784748079668453,0.1567297372963743,0.2145591547481441,0.19975909120410837,0.16623733971552965,0.11149417289395121,0.21477997956605296,0.32837211521394677,0.0018357821604572235,0.19056333262665445,0.0,,0.0
2020-04-06,0.18652663715120663,0.07070884643419219,0.2298767637319059,0.09127678391671967,0.0,,0.10705895258022441,0.11801277403992942,0.14058510958323278,0.09205051447976655,0.07768358776816038,0.3797296614612149,0.015222827467963563,0.16751764284374784,,0.41187049058979297,0.15300407328628282,,,0.12534751940922753,0.16111744688505458,0.0,0.18210084608174348,0.0,0.17721280555736443,0.032829953353543884,0.0,,0.0,0.07479205944704952,0.23328550310891627,0.1987428677105458,0.0010812259030966904,0.21024859023724415,,0.1276317059883594,1.8653479250695762e-07,0.22752864779214574,0.20461409513608864,0.09740028021503207,0.005298263272694427,0.1576946356861495,0.12365098727329198,0.004260614531673624,,0.09584500500964897,0.14615624134804237,0.10455463264137478,0.23797906846181557,0.2532844371744387,,,0.11030238101000443,0.1549506999933269,0.0,0.0,,0.14317333068017132,0.0001423468496670253,0.09180916798071238,0.220496578712718,,0.12648403927255814,,0.16523081632025258,0.15490377454638507,0.18582590988719194,0.06285330501921306,0.042738627799449626,0.0407315803963877,0.16474455756330975,0.16295871681107524,0.046828730479624575,0.05438215581797459,0.07853078960621396,0.033780544775893394,0.3108283132804059,0.024918123639937752,0.10650263692429807,,,,0.059664196425055716,,,,0.11663551842803543,0.0781733667046241,0.0,,0.06285946345155767,0.12568865388714934,,0.0,0.03854543460500833,0.26248442377541453,0.30825783928836303,0.0,0.01096936500816415,0.15042357641856252,0.10221561881803572,0.0,0.0,0.18331404068195442,0.21490642654696368,0.1692725112072786,0.12245719940891749,0.1486983549970351,0.13184465449367713,0.116894776624903,0.08367675651286625,0.1860075160419752,0.11165921258696156,0.19901999485915964,0.1128140388368255,0.15588595385766343,0.13374347971035683,0.17028291389853692,0.03759557284039578,0.19464739976098322,0.1486983549970351,0.17545264353888365,0.12643335788514484,0.1503109201335651,,0.2015841395262892,0.07299244238837488,0.12358188820401224,0.0036564550027213833,,0.15441656517342214,0.09730001759318113,0.005507346481371671,0.004945660969636082,0.0,0.1565856527750291,0.11950851986158846,0.11498952246964007,0.1299982289103178,0.18435409359090535,0.18132978197129435,0.15236156998676362,0.08724290024237463,0.1851400047221413,0.23084332318320291,0.0006119273868190744,0.14827938696465578,0.0,,0.04956611833234503
2020-04-07,0.1852851807452316,0.06313003071159225,0.18284095837087025,0.08205508778963073,0.0,,0.10003749919089798,0.06554211930885388,0.1325022647576937,0.09464359821009564,0.0916015581267987,0.42882396805367423,0.03550064421683664,0.22378283565123358,,0.31451266630192004,0.1490711536142573,,,0.11711359245922075,0.15520180874903475,0.0,0.17443438715894555,0.0,0.15743239073445062,0.047692495599973496,0.08191031320517246,,0.0,0.05732636961186771,0.21046552008536157,0.1859529590487783,0.0008410821968672253,0.19675816831052564,0.20112443398143132,0.08737668991581238,0.028157319244163686,0.23966350900772684,0.20046349023183296,0.12499331864742157,-0.01829760199796401,0.14650081658062594,0.10774221659821616,0.001420204843891208,,0.09862848329163217,0.11714725653595319,0.09967952876309645,0.19593395248009401,0.1800144061604425,,,0.1274760895340439,0.13394123688487294,0.0,0.0,,0.13351290462434864,0.0124265453954384,0.07901084287591646,0.23731948598125094,,0.08553178768717662,,0.11314935786333769,0.16793244971036336,0.1807948038049859,0.05825936329667739,0.04115128452161892,0.04291812055167584,0.15775829795993204,0.13875048535843318,0.0423292403116364,0.03786866562226226,0.08055573386366066,0.03601837448306325,0.18133281315837987,0.026336593026743082,0.2685800697194691,,,,0.039042039408471396,,0.0,,0.11058940164153852,0.07997043914272127,0.0,,0.05061011094149511,0.13930648322589448,,0.0,0.012848478201669443,0.25619135870298715,0.2934754853412707,0.0,0.0036564550027213833,0.1485746619013334,0.09443478293486168,0.0,0.0,0.17497462220391302,0.18170304578672655,0.18333537923905605,0.11940068486443335,0.1486983549970351,0.10959125925485431,0.10970524540130489,0.09960314766981547,0.15839326310449478,0.09252198191937129,0.18381466178061612,0.1030380623090339,0.15109422128391123,0.11776732862670214,0.14750161930087669,0.029430908051953752,0.14727404611490122,0.1486983549970351,0.14266257430349807,0.08268080613983052,0.1536381766788634,,0.18695525654363965,0.06441365430711694,0.10882685804061848,0.001218818334240461,,0.14429154925535959,0.09095434755876984,0.0018357821604572235,0.0016485536565453605,0.0,0.12566200788832593,0.06799343035309567,0.09092463560819003,0.0978685662211705,0.1584852397486808,0.1682517086116115,0.14876499875778715,0.07697950416296179,0.16374757120646824,0.1558990508744974,0.028361232861505877,0.08981241982900168,0.0,0.0,0.14799847098163252
2020-04-08,0.17820274968904415,0.048131747292305425,0.15057408823715754,0.07917342716625463,0.0,,0.10309910202314936,0.06367684663063788,0.12247298591769784,0.09775005266658464,0.10496940485833713,0.3510984948817539,0.04225991646646099,0.2363149631174528,,0.2807537031400967,0.145977103701224,,,0.11647534961653522,0.13715550233145332,0.0,0.17251873288213307,0.0,0.11421953242611223,0.06914809106774723,0.1911240641454024,,0.0,0.041420536601091996,0.19034311940364232,0.1720011234344138,0.0006805404009893189,0.1764617054555899,0.20112443398143132,0.05154195726511709,0.06570028721318694,0.24370846274625388,0.16563177642241578,0.158272035875296,-0.025506179299754322,0.13879394732875594,0.09410697380707223,0.00047340161463040265,,0.10403652632677579,0.1070042506343797,0.09990602485653753,0.18191891381952016,0.15305617964804177,,,0.1285024167523102,0.11415408320934928,0.0,0.0,,0.12964105882249485,0.028900374689578248,0.06207172234639582,0.18917406559815564,,0.08482511002752458,,0.09400239860762812,0.1659279321720523,0.1974696887883753,0.06527195955486222,0.03863312248278963,0.045266328242903726,0.14698448947834042,0.136677517842451,0.03848616212806239,0.05210544923996221,0.0674223839851656,0.04758867984826007,0.12807716635874103,0.027793839068824936,0.34267979754729966,,0.3195079107728942,0.1486983549970351,0.028010276309191468,,0.0,,0.0986579375341848,0.09036390136541868,0.0,,0.0417100794485851,0.1695451294367942,,0.0,0.004282826067223148,0.241304779913493,0.2539693235506711,0.0,0.001218818334240461,0.13151617963465043,0.08604852106914757,0.0,0.0,0.13718076393475984,0.1282005772348566,0.1655479003552084,0.11676808236043268,0.1272894937305896,0.09806588795834183,0.0990778407297791,0.10491194472213188,0.14700894509937415,0.07453845247079306,0.17662051812932045,0.09458460055938282,0.1494969770926605,0.1118151502744766,0.1331449655813056,0.022326070986543028,0.11274223326872139,0.09913223666469007,0.11156689624982889,0.03993936515882623,0.14858846862846564,,0.16145065551256996,0.058130934217003306,0.09895471616194397,0.0004062727780801537,0.0,0.14878376497537418,0.08355454125667305,0.0006119273868190744,0.0005495178855151201,0.0,0.10662560298076589,0.022664476784365225,0.06979077256860479,0.07499985770519492,0.1410041879774566,0.15675282407634206,0.137072870263936,0.06860457364561424,0.1466158979504366,0.11464544710657028,0.06576825841896766,0.06430247114118752,0.0,0.0,0.21315345007088912
2020-04-09,0.1691733270827859,0.034941730497577546,0.12872272980553903,0.07855851232820965,0.0,,0.11476085214611988,0.0838139830064321,0.10834456409778188,0.09597261755776376,0.10121881392873709,0.21616506829194138,0.05745708008514424,0.23164943996490095,,0.24384462929586914,0.14975127757444653,,,0.12606531718958938,0.11282131836471083,0.0,0.16814146623352902,0.0,0.07708703765279747,0.07500729673548427,0.22752864779214574,,0.0,0.04064668841667976,0.1792843482183832,0.1571890993565934,0.000546729032283741,0.17412054774949692,0.13408295598762088,0.02427921495508407,0.07821460986952801,0.16314646745392378,0.1142694984652582,0.16445434916325152,-0.0076973319911183,0.13243708699462145,0.08034207728524216,0.00015780053821013422,,0.10342946359219546,0.10278011071171378,0.10760187994747576,0.15977187460453013,0.1273575002469358,,,0.11721980036034696,0.10591174809767745,0.0,0.0,0.2457309396155174,0.12436152295591367,0.0343916511209582,0.053313017207894914,0.11937253599785091,,0.08458955080764056,,0.06406058419752271,0.16644331123798486,0.20343520288419104,0.07858124020506181,0.035615968783582426,0.038602562536277564,0.13770102370584036,0.14056138901622128,0.03621731022922738,0.056851043779195524,0.053224788188816985,0.062269810432799215,0.12164366526634345,0.027511997965658137,0.39939420686768895,0.0,0.3395818276690011,0.21338674474268995,0.02393345288962603,0.3195079107728942,0.0,0.0,0.09580982159651043,0.09460915327990506,0.0,,0.03415771768766807,0.14127331923470235,,0.0,0.018610107621501195,0.22515154307446406,0.19597115888618352,0.0,0.0004062727780801537,0.10821149976387338,0.07881472148421108,0.04956611833234503,0.0,0.07406279902056352,0.10541262256002333,0.13593446098100845,0.11051997201944792,0.0987443453753289,0.08828976077648054,0.08788733851029595,0.12039221432248569,0.145218021097131,0.07445323515546269,0.1625695537130022,0.08840301536999068,0.12755570109579806,0.11561663181104703,0.1375082155675982,0.015574509828809402,0.0888652795501485,0.03304407888823002,0.08814930184176704,0.023749890545457102,0.13051899897251526,,0.15967075981030202,0.053392381058175405,0.0793918225373605,0.00013542425936005124,0.0,0.1597178002821942,0.07551477806675744,0.00020397579560635815,0.01256226907405443,0.08191031320517246,0.09335310395407083,0.007554825594788408,0.05202690023558957,0.05626777615367703,0.12868445429736575,0.14751417278398712,0.13073464867342832,0.0789251642256003,0.13474891024536775,0.08462206618556928,0.0782372669381216,0.055799154911916136,0.04956611833234503,0.04956611833234503,0.23487177643397464
2020-04-10,0.14578038582079247,0.02721644464566675,0.11191302801722851,0.06617188733115213,0.0,,0.12103360070499658,0.09987014977693044,0.09078236669380252,0.09284671953340196,0.08992284064589133,0.15447465553169812,0.07546687416018046,0.22616827118728322,0.3195079107728942,0.1845281289596088,0.15420615545960428,,,0.13001633603255094,0.085498131709573,0.0,0.16138158230662647,0.0,0.057380371029551513,0.07696036529139662,0.23966350900772684,,0.0,0.05303145683810137,0.16174315696833105,0.1470483258571896,0.00048190635058799336,0.17397490293325935,0.04469431866254029,0.022290196718451435,0.08238605075497503,0.07412343616757865,0.07992425222456795,0.14012535741415943,0.011631347736383977,0.12001332069464765,0.07166567855213873,5.260017940337807e-05,,0.09583924692669975,0.10445315435646363,0.11260682240297554,0.13098066693308794,0.0912499106186037,,0.08447177119769855,0.11921182023612294,0.10026904048801333,0.0,0.0,0.1382248273369715,0.10950963797051777,0.056696494587908076,0.044611447100686756,0.0679481023985165,,0.08451103106767922,0.1486983549970351,0.030181716815035533,0.17291865032210763,0.18833514700090337,0.08773406468097572,0.033128952104732656,0.030115128634487832,0.1313614509698253,0.13445173597703472,0.034782676646536385,0.05843290862560663,0.0452452330845981,0.054396830878471025,0.09046029548801106,0.02633207067997899,0.4503135100189311,0.0,0.2549836805738297,0.2349495413245749,0.018513533269232413,0.1782135324231581,0.0,0.0,0.0986708820173583,0.08843678589719946,0.0,,0.03175621830258927,0.0934980235616133,,0.0,0.04056836707202069,0.20702043206998744,0.14418719501898838,0.0,0.00013542425936005124,0.08815898973253468,0.07463408087724999,0.1725907947007581,0.0,0.03751751733449222,0.10790711776070906,0.11306653283862185,0.10057988477609468,0.08922929592357533,0.0867339308277942,0.0759348689420628,0.10207595288538966,0.14765551142307606,0.07962104719321156,0.1482556749208628,0.08508920987774872,0.09883308116373173,0.1148892418123698,0.15762498599924127,0.015285747132983633,0.07350212981705993,0.011014692962743341,0.06882983572305328,0.03809467935727145,0.11254166543346233,,0.16221640145029914,0.04915518269633725,0.07287085799583269,4.514141978668375e-05,0.0,0.15311888943380322,0.06928833887228096,6.799193186878605e-05,0.028945615915783592,0.1911240641454024,0.07649309663481219,0.002518275198262803,0.026364329108313777,0.043859534636165015,0.11964759407453067,0.14166923619869778,0.13431855451108976,0.1014983032098812,0.13025065079138812,0.06184758279606104,0.10380246437761842,0.05296471616882567,0.11565427610880508,0.11565427610880508,0.24211121855500314
2020-04-11,0.10027903240600256,0.018169105018957372,0.09870748991301213,0.05553920367266513,0.0,,0.11210815878823044,0.10127157507329691,0.07446987442972376,0.0858612230192936,0.08343146050150768,0.10408634662887606,0.06569197823150906,0.19199702005524988,0.17581003560624717,0.1513669152508256,0.1431564431375882,0.1486983549970351,0.0,0.12361657224445181,0.05646810849704742,0.0,0.14395076257327455,0.0,0.05141555253565514,0.07808006955891256,0.26830078646537947,,0.0,0.05715971297857524,0.14654809662898075,0.14160939491901028,0.0004801690780904949,0.17021944422596857,0.014898106220846764,0.021627190639573888,0.08377653105012405,0.08030454015489363,0.06202106911554248,0.12186323915343127,0.024625810768591976,0.10667551357973067,0.06694833336604712,1.7533393134459357e-05,,0.10353101752367137,0.10909311701036377,0.11257114968923833,0.09997473644282835,0.05818912912575545,,0.08447177119769855,0.11691708525925631,0.08690822302136218,0.0,0.0,0.07423219951155668,0.09332738770889594,0.08460586040004792,0.03887296690880818,0.05850481521560219,,0.0687066972006753,0.18104254986986254,0.02454419963361908,0.16942848666657007,0.17391801169065993,0.09724922346210461,0.031172968311959853,0.02857153862070075,0.11939975220231107,0.11736917804288376,0.032862559222183306,0.05896019690774366,0.036265637840723584,0.03900581461118705,0.06033148100478943,0.024602778949715035,0.3481711954445426,0.0,0.11542092858545867,0.2272683049738412,0.013045483968368196,0.1311154063065794,0.0,0.0,0.09238987061441528,0.08637933010296427,0.0,,0.03439768713486562,0.09595150414292564,,0.0,0.04788778688886052,0.19173011713693489,0.1036124462688135,0.0,0.028202398485686203,0.07050726903367888,0.06700402805068699,0.27053553874884884,0.0,0.024772323667178797,0.12139060533534474,0.0831649078701613,0.08992899316882803,0.10746647403943632,0.09548815071120081,0.07202963985404946,0.05878351051956201,0.1392654500385201,0.09178853627094846,0.13833051463249033,0.08331236108305085,0.07153838627965846,0.10660184576044389,0.16981199245570988,0.013061364965865645,0.07125034171244778,0.003671564320914447,0.058162926494928845,0.052180787151631935,0.1001777101747204,,0.15335154204720314,0.04512743751563683,0.057930513399482186,1.5047139928894582e-05,0.0,0.1242406989455092,0.06440755662722931,2.2663977289595353e-05,0.03440673152969331,0.22752864779214574,0.06949532255537232,0.000839425066087601,0.008788109702771258,0.05159687076206377,0.11227023040269796,0.13101965710729938,0.13468263911430992,0.11912960867933471,0.12481854578688918,0.0310526297578687,0.13373305812389621,0.05201990325446218,0.13768366203429175,0.13768366203429175,0.19077130978940637
2020-04-12,0.07876610013366052,0.012009694387649969,0.09137086816688793,0.05326548798063415,0.0,0.1486983549970351,0.10059925241264984,0.09854410897838334,0.058088436479114734,0.07436859970598425,0.0778886627782268,0.06345875825568,0.04665551896826847,0.16119730882128191,0.09808590590129052,0.15804233089621322,0.1271539731889791,0.1486983549970351,0.0,0.12072895466314192,0.03942116987743505,0.0,0.12267824104591951,0.0,0.052697052439099105,0.061158802638810274,0.21567751276236194,,0.0,0.05117361445467853,0.1408822023423116,0.12895400698739534,0.0004794943241476733,0.16532391417909742,0.004966035406948921,0.021406188613281373,0.05608276741594087,0.11218974613340627,0.056229588017756044,0.11459978949117024,0.04160001626222033,0.0923828427859747,0.06101780294813397,5.844464378153119e-06,,0.1092523830079109,0.10211042803710829,0.10696968291944604,0.07386126565905836,0.041661741353068577,,0.08447177119769855,0.10089918704511903,0.07383498877603077,0.0,0.0,0.02474406650385223,0.08034676760145017,0.08079674825165932,0.03786552988232555,0.09121250057072744,,0.03528132884577449,0.22416814303363244,0.02544560315136242,0.15486083220485605,0.16513926050428596,0.10487331976413002,0.029510760652731297,0.028386111206521764,0.10290186316041873,0.10362015271621,0.031045532382560515,0.03939467931885194,0.042121260547111676,0.033875475855425725,0.06800903108376673,0.02099527004170282,0.178736161963252,0.04956611833234503,0.06890001125600166,0.20983905764556796,0.011222800868080125,0.107717840250856,0.0,0.0,0.09339992627782563,0.08510762416612046,0.0,0.1486983549970351,0.03569812679059239,0.09821284702359993,,0.0,0.0503275934944738,0.17357032132259864,0.07596036696383408,0.0,0.06571531362702777,0.06293181545782907,0.0560265921777609,0.323257703660986,0.0,0.019960492672784675,0.11217443061064163,0.06460966606728324,0.07449568661309797,0.13495439467783552,0.09385692446201087,0.0759700012363646,0.044352696397619455,0.12911973736358037,0.10560352176228725,0.11773411266995704,0.07762667583803114,0.04471966641158287,0.09694923344152363,0.17708676452131186,0.008230018618231477,0.08110063175397503,0.001223854773638149,0.056336367230082514,0.06529213313271422,0.0821218628842011,,0.12584878743897251,0.04126673069660616,0.029746939959009084,0.04957113404565466,0.0,0.0905568033505877,0.058343029484920095,7.554659096531784e-06,0.03622710340099655,0.23966350900772684,0.06648633808681742,0.00027980835536253366,0.002929369900923753,0.06175281715611902,0.10531819549198479,0.11481010361902673,0.12940980497708945,0.13537536834294223,0.11255520196433612,0.019372905615740153,0.11388508472324783,0.034522466683914205,0.14502679067612065,0.14502679067612065,0.0917476936623683
2020-04-13,0.08416241208143428,0.009829311921192884,0.08244905136380937,0.04822613383455233,0.0,0.04956611833234503,0.08763140756121274,0.09649770547495805,0.04616490746016147,0.0633529508012317,0.0795591188302454,0.03017494844834392,0.05113439467666181,0.15796110980684097,0.07217786266630495,0.16263122590066892,0.11654509489502458,0.1486983549970351,0.0,0.11262117731520323,0.031435810523364784,0.0,0.108154558090932,0.0,0.06343324697862009,0.04646220713331973,0.11137506495332876,,0.0,0.05264042650546516,0.1342264667135552,0.11416157848994406,0.00043921292416465433,0.15072670951599632,0.0016553451356496405,0.02133252127118387,0.018694255805313625,0.1365288187091588,0.06808609330202921,0.10087902664546122,0.04598704888256022,0.08132659056878505,0.054550903509817616,0.0058534738799885895,,0.10160946228833968,0.08155240528472642,0.09671866289137619,0.036999518331902174,0.041830467214959983,,0.08447177119769855,0.0898748649674912,0.06390989774570872,0.0,0.0,0.008248022167950743,0.06387445632901477,0.0664148101164279,0.03468082115349478,0.10211506235576918,,0.011760442948591498,0.1847902846156161,0.025388490457485428,0.14002979912571847,0.14404492757258083,0.10526278968433313,0.027997620656968727,0.02601107927608044,0.09522668405654718,0.0916207466646532,0.029886717733840676,0.013131559772950647,0.06238737224261905,0.021728594110990263,0.06800943302624857,0.01816679545924288,0.1156356936648129,0.14799847098163252,0.053393038812849326,0.17284327829176313,0.013917543087075929,0.09222046088208437,0.0,0.0,0.10608813626670205,0.07385862928002275,0.0,0.1486983549970351,0.03713169108130248,0.10131737881346035,0.2457309396155174,0.0,0.051140862363011554,0.15713001221142361,0.06522108190511883,0.0,0.09962847994058714,0.05975247481711785,0.04831482031300777,0.41827764634585357,0.0,0.028976530897652068,0.10478318602736308,0.06658801025412335,0.0614774946331646,0.11429219690789427,0.08765848694302754,0.0800207209115109,0.05036678715311214,0.11985564429449062,0.10897892451554621,0.09806079009141251,0.07198355422638324,0.035780093122224334,0.08467299020001214,0.17935296666120357,0.00851387940592737,0.09473394982846671,0.0004079515912127163,0.061581275345708196,0.08577674919290094,0.06737845297756835,0.1486983549970351,0.09826410994478989,0.03672477354499923,0.009915646653003029,0.13313130767470702,0.0,0.06825883815818938,0.05041583414981532,2.518219698843928e-06,0.0368338940247643,0.24370846274625388,0.05884213942450731,9.326945178751121e-05,0.000976456633641251,0.06577502847994128,0.09808690372592278,0.10224047381568685,0.1223950005098708,0.1473962996530906,0.09916930213295916,0.02450169326481456,0.07744425560695739,0.011507488894638068,0.14747450022339695,0.14747450022339695,0.030582564554122768
2020-04-14,0.0936593734142227,0.01173123734902664,0.06866483277214824,0.04700819013626648,0.0,0.01652203944411501,0.07407003419596404,0.08906775822730895,0.039103301960089314,0.05336931084197486,0.06991666446894657,0.010058316149447974,0.05068502562642522,0.1529677696950169,0.05901375210213009,0.1515882457321499,0.1005902472466468,0.09913223666469007,0.0,0.09521642035199213,0.02828458389447579,0.0,0.10425474733997427,0.0,0.07248861711971306,0.05044186692446836,0.07660758235031771,,0.0,0.0647986093771283,0.1276286302744001,0.09707141516419676,0.0003857891562457818,0.12805381873113694,0.0005517817118832135,0.017478002181601438,0.02597269895137527,0.14464184290107632,0.0847673157048251,0.08968331522554929,0.04008720918528552,0.07514847759792603,0.049311130582428864,0.013654209410387941,,0.09260254784175855,0.06645310232917112,0.08171478252450019,0.012333172777300725,0.05757622282572509,,0.05631451413179903,0.08741317398098225,0.05659566717259314,0.0,0.0,0.0027493407226502477,0.059164722057267825,0.06162083073801742,0.028608103229298253,0.10574924961744976,,0.003920147649530499,0.11791127567033773,0.03724286952459586,0.12931667765594054,0.12196866677700828,0.0994407741514639,0.02632265128845822,0.025106709664811457,0.09237941175408858,0.07685074617160191,0.02891122449237046,0.019590370788074605,0.07690462062074685,0.007242864703663421,0.06449928453643611,0.0170195453228066,0.08042077468676084,0.21315345007088912,0.03301086380137416,0.12932532159611443,0.014647236611924276,0.07127650713881035,0.0,0.0,0.09879579609931612,0.058700398131651545,0.0,0.1486983549970351,0.037673496406858374,0.12163803669182131,0.1382248273369715,0.0,0.03422945305343066,0.15140992148051913,0.07610370007140915,0.08191031320517246,0.1323417299782191,0.049441638378982994,0.045281809494291524,0.44036108626060894,0.0,0.0426018588622733,0.10440538295113323,0.07225338915662939,0.05717536052902563,0.07757995966850621,0.09278183770152092,0.07963522162479086,0.059733667975664366,0.10410707371340294,0.10334717547348214,0.09333504950680917,0.06852264865448073,0.03280023535910482,0.07426917202425566,0.17157325877960206,0.010502809238733283,0.10357891875056247,0.0001359838637375721,0.06787288957959943,0.08909467207565679,0.06145349131330922,0.22570879048509504,0.08496030234777979,0.03305158844142674,0.0033052155510010094,0.17846005854585656,0.0,0.0631748644809308,0.04582752143635652,8.394065662813093e-07,0.024657061120470825,0.18288774780352782,0.05467439656254113,3.108981726250374e-05,0.00032548554454708367,0.06627088219595466,0.09159095781650517,0.09445378808552357,0.11020396243537543,0.15062809300504673,0.08711029757268525,0.026211289147839364,0.06529731256819392,0.0038358296315460227,0.09872428507347734,0.09872428507347734,0.01019418818470759
2020-04-15,0.10293068663693428,0.01779031616061368,0.057590052150842584,0.04822758790145836,0.0,0.03366460354727119,0.06796523944702253,0.07615398866923291,0.030210659170948655,0.045323192529835195,0.06259530978193789,0.0033527720498159916,0.03776854619383845,0.14427295159419384,0.05009761909489214,0.13498874415221215,0.0860561884958579,0.03304407888823002,0.0,0.08433320924837849,0.028383044347449957,0.0,0.10735614579539164,0.0,0.07037414077154253,0.048076474638951254,0.06501842148264736,,0.0,0.08860831866939224,0.13091136734688832,0.08301700946943552,0.00030807594109487493,0.10245667095880288,0.0001839272372944045,0.01550955878218111,0.04814012701633321,0.12593732303193664,0.09564748105875757,0.09952179199770905,0.038120595952860624,0.06649671187446658,0.046057622501688766,0.016254454587187724,0.1486983549970351,0.08483096628286207,0.057289705429177995,0.06837231254179271,0.004111057592433575,0.07347561382379088,,0.018771504710599678,0.08691581133288206,0.05456078304099274,0.0,0.0,0.0009164469075500825,0.0688673409793861,0.04028155726227653,0.02467616698722325,0.1069606453713433,,0.001306715883176833,0.09561827268857827,0.05904609059266241,0.11819429007660187,0.10640293937316009,0.09183008187739165,0.024438607638338713,0.02362929455748024,0.09024616620389314,0.07070274904193696,0.02776489515497585,0.03695649199020698,0.09406455438373507,0.0024142882345544736,0.07768299751512432,0.016454547349045025,0.06736521533309005,0.23487177643397464,0.011003621267124722,0.11481933603089818,0.011419610652964977,0.04851702860403556,0.0,0.0,0.0770231542009459,0.04352379874973527,0.0,0.09913223666469007,0.03359958523019906,0.12841158931794164,0.07423219951155668,0.0,0.011409817684476888,0.15025536838836975,0.09916990711806023,0.1911240641454024,0.14324614665742977,0.03880426220365319,0.04563526305144051,0.322466715768632,0.0,0.04714363485048038,0.09070117120526526,0.06837937099731872,0.0552098296565908,0.06534254725537686,0.09504661220490047,0.07452232824289862,0.05939378335776291,0.09182264945196837,0.09282798920335326,0.0916697501153791,0.06486949916382335,0.03180694943806498,0.06728701643963182,0.16727909533410393,0.01286123659216562,0.10368532558027573,4.5327954579190705e-05,0.06832986250418029,0.06955838281756976,0.05491878894048233,0.3283893711358416,0.09882114410177772,0.03148722156841947,0.0011017385170003365,0.19356964216957306,0.0,0.0716722218217446,0.04419069635154443,2.7980218876043643e-07,0.008219020373490276,0.10044514330038405,0.05507308390879739,0.03586581102185086,0.00010849518151569456,0.06440227871814334,0.0869021348431938,0.09403928934531774,0.10033253260735424,0.14161487736340198,0.07683593368228868,0.034941624344823854,0.0415070512056687,0.0012786098771820076,0.03290809502449245,0.03290809502449245,0.003398062728235863
2020-04-16,0.10602112437783813,0.022479147594111074,0.050051377452325845,0.045130514924709854,0.0,0.0675360486475561,0.06660834476761256,0.07408520483704774,0.02322463491253893,0.042610322958772574,0.06352864513736839,0.009063009196475218,0.033463053049642866,0.15480054996261408,0.04712557475914616,0.117562641599343,0.07940529020628596,0.011014692962743341,0.0,0.0713320502851293,0.03082092133426398,0.0,0.11311836723408826,0.0,0.06835463811135666,0.045304319721871655,0.04141408751048651,,0.0,0.1154569867099291,0.13568241797585945,0.07852288630999114,0.022689967519330886,0.08276031866419974,0.012440405524647527,0.02103371912461709,0.05552926970465252,0.08251546118876112,0.09898531127381226,0.10823230072817665,0.030937487488365473,0.05608151764828162,0.043837581196116804,0.022594752764908504,0.04956611833234503,0.06389314888575798,0.05193725244617516,0.06039263130696113,0.011807121356659548,0.0817652598641881,,0.006257168236866559,0.08501200771138369,0.05372539835994175,0.0,0.0,0.0003054823025166942,0.07541549298732676,0.013427185754092177,0.02295603331898634,0.09471245478156738,,0.00043557196105894433,0.06003001462875893,0.08047472193549347,0.1071641873851018,0.09287899460272865,0.08247689185017165,0.022554897022181386,0.01924989504210944,0.09138707024459491,0.07357749605875741,0.027065008145731106,0.04274519905758444,0.11272200807548279,0.0008047627448514912,0.07935151279125201,0.015829075943802996,0.09193272605304222,0.2867774591702356,0.0036678737557082407,0.07412855975972941,0.010343735333311878,0.05175489788858417,0.0,0.0,0.07339155782157086,0.027567767134731507,0.0,0.03304407888823002,0.02903323561181879,0.1121756258212514,0.02474406650385223,0.0,0.0038032725614922957,0.1375702740367006,0.1164890831849939,0.22752864779214574,0.13317028163425162,0.032731104633923334,0.046616760988619665,0.24092855455252674,0.0,0.060343309630920945,0.08551223640187583,0.06884329020131597,0.05077416445390703,0.0696793865006292,0.08663652145481517,0.06979616336983015,0.05928048848512909,0.09017033039905298,0.07554742843356076,0.0839464371673298,0.0597777733892331,0.021039085305203348,0.06088747408614761,0.16561294469488752,0.017107827427726752,0.09416254072679077,1.5109318193063568e-05,0.0674870612677811,0.060320230681439026,0.04677985989069752,0.3796960379007707,0.12895920105183842,0.030903033273812285,0.00036724617233344553,0.21347500525550725,0.0,0.08306086969962545,0.0415551985664089,9.326739625347881e-08,0.0027396734578300917,0.08907844253249543,0.051560668770114525,0.08366616583947699,3.616506050523152e-05,0.05258251295121099,0.08377541498826592,0.1006001494724022,0.09424183180248852,0.12320486975224361,0.07023447899674547,0.046012205979794905,0.0138356837352229,0.0004262032923940025,0.01096936500816415,0.01096936500816415,0.001132687576078621
2020-04-17,0.0958427971373025,0.024042091405276873,0.042248932071463685,0.040594618367314546,0.0,0.07882653034765107,0.06325113674410225,0.07562619086173283,0.020470135953436136,0.04097275447598108,0.07066524305005019,0.018911840091898183,0.03202788866824433,0.16402719596922888,0.0461348933138975,0.10335917774699342,0.07445256380000047,0.003671564320914447,0.0,0.0506222406984263,0.03413672198826783,0.0,0.11764109355578979,0.0,0.06362686751647735,0.05260030978459144,0.02901788003391989,,0.0,0.12440654272344139,0.13215101271833293,0.08179249444283809,0.052575698968217364,0.07243529558986377,0.02890499473264796,0.03167333127203462,0.057992317267425625,0.05962553052474049,0.09524646491068667,0.10365959307709817,0.01616402155465103,0.05019510456181505,0.0419306226665885,0.03018173527626962,0.01652203944411501,0.044971409643048854,0.05043412648421237,0.058956147284846244,0.024809244770583227,0.07736456756586912,,0.0020857227456221863,0.08413100154996377,0.053207358623881124,0.0,0.0,0.01984310778377629,0.07336399272037848,0.012421147097900613,0.021291505175258876,0.07797773541056831,,0.00014519065368631478,0.020010004876252978,0.10472502781294618,0.09929853278092042,0.0835518396341921,0.07053342395107137,0.020683479266979443,0.01404229005260658,0.09391939042920816,0.07493346332792261,0.026601299590816477,0.04467476808004359,0.11922833944279741,0.0002682542482838304,0.06811270349184612,0.014603989637117468,0.10652702775293345,0.304079353415656,0.0012226245852360801,0.024709519919909804,0.009985110226760845,0.05089186003039934,0.0,0.0,0.07134249334412458,0.01789019887141718,0.0,0.011014692962743341,0.027043418745358015,0.08078883346594856,0.008248022167950743,0.0,0.0012677575204974318,0.13003274585839794,0.11483218611785594,0.23966350900772684,0.11610098937694391,0.0256317992357032,0.04811933392464159,0.21199113096056454,0.04956611833234503,0.08035912006052455,0.11148277038353088,0.0656114896755859,0.046316745996145846,0.07954097629867544,0.08619135062777246,0.06517253387384842,0.05924272352758448,0.09415971074601182,0.059090752120049696,0.07678365589278963,0.05517181332041266,0.016035057464851704,0.054714211567624176,0.16239166408254602,0.020288355348167118,0.08229461964035682,0.02816229350529721,0.06641348257228329,0.05567779476205667,0.04701452650269447,0.3651334253764886,0.1392393669669494,0.028655739292464313,0.00012241539077781518,0.22011012628415197,0.0,0.09341782214005949,0.03872093627518452,3.1089132084492936e-08,0.0009132244859433639,0.10140370967635852,0.04258965418975986,0.09959961744535238,1.2055020168410506e-05,0.03521916034144313,0.08107507546827186,0.10435416057117018,0.08458501609399784,0.10478066174973212,0.0667395898720131,0.040465319438895,0.01982507877549869,0.00014206776413133417,0.0036564550027213833,0.0036564550027213833,0.00037756252535954034
2020-04-18,0.08155229549947018,0.021667673152577435,0.034331429286687955,0.03642644051926086,0.0,0.08259002424768273,0.0582823038124556,0.06506888907959511,0.018347869779642745,0.0373040688160998,0.07799648607004006,0.022194783723705837,0.021112731715263133,0.15868938222131931,0.04580466616548128,0.08949941622012388,0.06938602549352348,0.001223854773638149,0.0,0.03523454859455379,0.03643207712575893,0.0,0.11282253746788377,0.0,0.05052679866367262,0.04965381339001726,0.04009899507215541,0.0,0.0,0.1663396010230521,0.12444968198606106,0.08266678404167711,0.06249504491388918,0.06928687426885403,0.03439319113531477,0.04098414548486032,0.07492750052150929,0.06777371425708374,0.09168414689532271,0.09757209179971786,0.005388007184883677,0.04258102546702072,0.03880459385475113,0.026764775516605152,0.005507346481371671,0.04322528601640224,0.05104717399821703,0.06133486788328158,0.02914328590855779,0.0642149439064304,,0.0006952409152073954,0.08405642712980028,0.050620896757174356,0.0,0.0,0.04609692996046688,0.07026370120866482,0.020031219392373314,0.02176487647029186,0.07239949562023529,,0.010485165710410463,0.0066700016254176596,0.11843347444875173,0.09543677500421438,0.07816432880830944,0.05985955519372734,0.019115441399575255,0.011382278115533747,0.09079087610944099,0.0720016637168206,0.02524387040252433,0.04531795775419664,0.11665751676647307,8.94180827612768e-05,0.07324166956034374,0.012882037832898046,0.10160765918450369,0.24482491519113916,0.00040754152841202673,0.008236506639969934,0.0065969693000820576,0.04714200251891886,0.0,0.0,0.058477306689405206,0.014579926431957602,0.0,0.003671564320914447,0.02354262485656945,0.0498649214910419,0.0027493407226502477,0.0,0.00042258584016581063,0.1347035244013486,0.10865337769089405,0.24370846274625388,0.08976896173883571,0.021754343092898535,0.04792854466989133,0.14733996165808969,0.11565427610880508,0.08352077439975268,0.1288392285011742,0.04924688617338522,0.04081287038224815,0.09414655407217289,0.09815934178562352,0.05814935517486203,0.0485108838885828,0.10375863722619934,0.04905836039578912,0.0712268000720589,0.05121373002946735,0.02338907721451841,0.051802379002830634,0.1621804982580893,0.01943477979938336,0.070914290416508,0.06570194530023143,0.06197762382143002,0.03862435607425669,0.05125154252689498,0.31153457987445576,0.14266608893865307,0.02614222118819597,4.0805130259271725e-05,0.18997763842087279,0.0,0.09370591876449769,0.03700765168942546,0.028157267428943547,0.0003044081619811213,0.13121150182229754,0.03435355139572632,0.10491076798064418,4.018340056136835e-06,0.02492294709067666,0.07825130733622492,0.10126093322817471,0.0780758520038453,0.08853422768493475,0.06309641908447161,0.03664704252325928,0.03703472798601501,4.735592137711139e-05,0.029376075400139978,0.029376075400139978,0.00012585417511984677
2020-04-19,0.0773597393357897,0.015226675470688414,0.029933030803902333,0.029976782233857895,0.0,0.08384452221435995,0.05088740379914322,0.05454231024532624,0.015456041591119829,0.03562735022087596,0.07856712466492766,0.023289098267641722,0.007037577238421044,0.1519554183807489,0.030481406252251486,0.0783112340816041,0.06327700020530469,0.0004079515912127163,0.0,0.031902372874228264,0.03662069344620286,0.0,0.09846717130500517,0.0,0.041279760573321285,0.0405862099224908,0.04379270008490058,0.0,0.0,0.20345180172451205,0.11843165548148595,0.08018042752567384,0.065780222744546,0.07213372008024295,0.036222589936203704,0.040703162177346236,0.08898853832249931,0.07890575221749362,0.08392246961686102,0.09440255318057161,0.0017960023949612257,0.03451176486740338,0.03568026703785396,0.019679834999932158,0.0018357821604572235,0.043623087133476936,0.05245426914893774,0.06214162145806201,0.030587966287882642,0.04786041562895329,,0.00023174697173579848,0.07585746041961373,0.04354897414505149,0.0,0.0,0.054848204019363744,0.06299586269764684,0.022567910157197547,0.023509830821360104,0.07054008235679095,,0.024368592888500202,0.00222333387513922,0.10714573797384049,0.08974444812989485,0.07668500481605621,0.05182095870312658,0.018168315144801602,0.009638893840880467,0.08894822775816312,0.06834373140944956,0.023523241114103286,0.030319170115156602,0.10761843179263102,2.9806027587092267e-05,0.07841350314192848,0.011019466154927089,0.09018373385996693,0.22507343578296687,0.023339305751160267,0.002745502213323311,0.002198989766694019,0.05519656153884774,0.0,0.0,0.046546721939553636,0.016232467458145144,0.0,0.001223854773638149,0.01803934329159659,0.026576293127276412,0.0009164469075500825,0.0,0.00014086194672193687,0.12970719119724103,0.10164072689571034,0.16314646745392378,0.06034935564046068,0.022840071861442157,0.04344637345234823,0.08859588125190469,0.13768366203429175,0.07713420732377045,0.13192699184707515,0.03878387515654191,0.03799637345992551,0.11033346117082073,0.1043867465711032,0.05543585320363611,0.02519232365931152,0.1131570510693264,0.04381237013187603,0.06483736464177912,0.04672280797507133,0.03400088703371687,0.05154617550195353,0.15953447382856167,0.01723650309419156,0.06130019138985724,0.11709938349312043,0.05441661834319252,0.025704703019056602,0.052088541176825515,0.23161009343467098,0.13469816352816869,0.024440920970164034,1.3601710086423908e-05,0.17667796386166648,0.0,0.0776265286724252,0.033584381705235374,0.06570026994144688,0.00010146938732704044,0.172333462781991,0.026664602916403508,0.12039182207532312,1.339446685378945e-06,0.0213336560776185,0.07488243787161254,0.09289980659549234,0.07429129085021918,0.07405225393048737,0.05750057355198742,0.04264204923526854,0.04277127772285378,1.5785307125703798e-05,0.06610653926517902,0.06610653926517902,4.195139170661559e-05
2020-04-20,0.06338359520166935,0.007700554662860186,0.02703225207433499,0.025422842798260417,0.0,0.056105431137352835,0.047558098880824656,0.05556154678641628,0.013410465906731646,0.03625842929650033,0.0722144698920371,0.023653869782287017,0.002345859079473681,0.143941118661868,0.010160468750750495,0.07207300553930973,0.05409738240573395,0.0001359838637375721,0.0,0.03254441178277179,0.03587581740172843,0.0,0.08495595062491719,0.0,0.037282818576599576,0.03684042133470158,0.045023935089148974,0.0,0.0,0.1817218468229924,0.10645297677241079,0.07705615110989127,0.06685401120353114,0.07059955569546422,0.03683238953650001,0.03402841851449518,0.0859773602392988,0.11020428091496177,0.07414008909138214,0.08320472501151265,0.0005986674649870752,0.03382216172806126,0.03260174800501528,0.01731818816104116,0.0006119273868190744,0.04459778206024222,0.0532375572855977,0.062633672369568,0.03106952641432426,0.037033898812649374,,7.72489905785995e-05,0.09134304146781295,0.03587031721368592,0.0,0.0,0.05776529537232936,0.05253816873690962,0.02341347374547229,0.026113065507455346,0.06992027793564283,0.3797296614612149,0.028996401947863445,0.0007411112917130733,0.0818184198964682,0.08550706548083743,0.07705974158144228,0.047693883914860825,0.017542433384361695,0.008170330581423212,0.08831449341846102,0.06173314796304099,0.022259728012209646,0.022485486483934922,0.09654328010956827,9.935342529030756e-06,0.06581280057052706,0.009167573847977168,0.06407002741108436,0.2558494971693808,0.05418668573376595,0.042497205118472714,0.0007329965888980064,0.0578814145454907,0.0,0.0,0.041450146006999804,0.019290726196986515,0.0,0.0004079515912127163,0.01681908697134248,0.01881341700602125,0.0003054823025166942,0.0,4.695398224064562e-05,0.11230278519097774,0.08282055661989352,0.05438215581797459,0.050542820274335674,0.02297850250199479,0.03795187912113062,0.07471221493850923,0.14502679067612065,0.07500535163177637,0.12392059070663113,0.03743527116483233,0.03765516341526567,0.12581957696266682,0.0984713285363389,0.056900476185597355,0.008397441219770508,0.1174512609612242,0.041280881417712884,0.057816386633125126,0.04253394872035062,0.04569862687609258,0.05066660448408749,0.15270569265322342,0.014561775717907769,0.05726771284855297,0.17311608381866103,0.047212102847591246,0.021398152000656576,0.04915518223905851,0.1429103933489689,0.09533399442041506,0.021987683521381956,4.533903362141303e-06,0.18646458673194988,0.0,0.06380372746576148,0.03051746238853814,0.07821460411228133,3.3823129109013477e-05,0.19152744358161788,0.017720509337549064,0.10207582213633547,4.4648222845964835e-07,0.01442172703564304,0.0705764691516434,0.07971958942501951,0.07045945956201473,0.0615323696981128,0.05216757676935401,0.04307733293193285,0.05762753383727517,0.007103824302420274,0.09975888848663755,0.07835002722019203,1.398379723553853e-05
2020-04-21,0.03713728933664817,0.0,0.02409763832975087,0.023145873080461676,0.0,0.0,0.05032547432346712,0.059223841048812176,0.012387678064537555,0.03671534562927237,0.059223841048812176,0.023836255539609663,0.0,0.12888132073019753,0.0,0.06576275663547415,0.04310414601035517,0.0,0.0,0.03232437953530787,0.03471404488278096,0.0,0.07334859852510056,0.0,0.034393501436834395,0.03496752704080697,0.04563955259127317,0.0,0.0,0.14342887420949846,0.08704774268033266,0.06961037572506878,0.06739090543302373,0.06360094824680784,0.03713728933664817,0.02589630491023409,0.08447177119769855,0.16723531932969316,0.06520853753344791,0.07073985065626776,0.0,0.03528964584800254,0.028819858089695227,0.01613736474159566,0.0,0.04563955259127317,0.052300215891077695,0.061376752804700674,0.03131030647754507,0.03617519371964306,0.0,0.0,0.1345707157370173,0.03030155372604093,0.0,0.0,0.059223841048812176,0.04431495842869548,0.023836255539609663,0.02877218634269907,0.06961037572506878,0.43096908110525556,0.03131030647754507,0.0,0.05618004403862731,0.08447177119769855,0.07561373707395291,0.044286844887836185,0.016993177992924213,0.007389966643278845,0.08476913120160501,0.05318798449050144,0.021417274371156036,0.03713728933664817,0.08120276891023281,0.0,0.04941452284458392,0.006891263747325516,0.017554577175587616,0.29674411610965823,0.06961037572506878,0.12474611314209483,0.0,0.059223841048812176,0.0,0.0,0.03496752704080697,0.024823563310859775,0.0,0.0,0.0183608813392091,0.014931978945393665,0.0,0.0,0.0,0.09659618465684705,0.059223841048812176,0.0,0.04563955259127317,0.0220800938152379,0.03382218034270568,0.07631692251481081,0.1486983549970351,0.07394092378577932,0.1109534595426207,0.03638464900130689,0.036682005013054075,0.1486983549970351,0.09445325583037212,0.05715906151903516,0.0,0.12051831562628657,0.03837583638737674,0.05012970832663055,0.03910842289641714,0.051547496797280434,0.04903180409839569,0.14470972269648552,0.01031145931793609,0.05601401279314788,0.20112443398143132,0.0394762180698458,0.019244876491456564,0.047688502770175,0.09856054330611785,0.03857377308425858,0.019585252877789783,0.0,0.1913578981670916,0.0,0.05774970300467719,0.02902295011533873,0.08447177119769855,0.0,0.20112443398143132,0.008548252303932413,0.03713728933664817,0.0,0.00534789864668328,0.06575096239715883,0.06380345122728026,0.067759827654859,0.05618004403862731,0.04781010985424672,0.04095039696925684,0.08447177119769855,0.021295687600135116,0.1486983549970351,0.08447177119769855,0.0
