date,Afghanistan,Albania,Algeria,Andorra,Argentina,Armenia,Australia,Austria,Azerbaijan,Bahrain,Bangladesh,Belarus,Belgium,Bolivia,Bosnia and Herzegovina,Brazil,Brunei,Bulgaria,Burkina Faso,Cambodia,Cameroon,Canada,Chile,Colombia,Congo (Kinshasa),Costa Rica,Cote d'Ivoire,Croatia,Cuba,Cyprus,Czechia,Denmark,Djibouti,Dominican Republic,Ecuador,Egypt,El Salvador,Estonia,Finland,France,Georgia,Germany,Ghana,Greece,Guinea,Honduras,Hong Kong,Hungary,Iceland,India,Indonesia,Iran,Iraq,Ireland,Israel,Italy,Japan,Jordan,Kazakhstan,Kenya,South Korea,Kosovo,Kuwait,Kyrgyzstan,Latvia,Lebanon,Lithuania,Luxembourg,Malaysia,Malta,Mauritius,Mexico,Moldova,Montenegro,Morocco,Netherlands,New Zealand,Niger,Nigeria,North Macedonia,Norway,Oman,Pakistan,Panama,Paraguay,Peru,Philippines,Poland,Portugal,Qatar,Romania,Russia,Rwanda,San Marino,Saudi Arabia,Senegal,Serbia,Singapore,Slovakia,Slovenia,South Africa,Spain,Sri Lanka,Sweden,Switzerland,Taiwan*,Thailand,Trinidad and Tobago,Tunisia,Turkey,Ukraine,United Arab Emirates,United Kingdom,Uruguay,US,Uzbekistan,Venezuela,Vietnam,West Bank and Gaza
2020-04-20,6.472828424706267,3.3585174880929123,4.875409736976162,1.5322471019113844,4.279860812890579,3.8074609879588106,0.4493484370588237,0.7462265053156317,3.1871573408216003,4.1177725777965595,20.062909528649456,9.703569192913996,3.9614634998786404,7.876099750159342,3.645622736617941,8.596656519146755,0.24381116764733424,4.725203936807754,1.917579949326953,0,4.8743647672601975,5.873691016217382,5.045703304236349,4.611156977478433,5.762029372583825,1.2718715744942137,5.571865447423437,1.853699148592806,6.157553594299954,2.12116490518283,1.9501353809111777,2.4960087711026238,17.452573536172327,6.7874783897066955,4.458645571394652,6.198367966696039,6.481607746022903,2.1959776722991173,3.673769361733973,3.2785913506585183,6.191393022629106,1.9158075535597414,9.605677010364234,0.6321382419599267,9.66101311423296,2.829805009967442,0.23600379240526306,4.739330539970021,0.5598517156552463,8.648543856224792,6.162446501829606,1.8891630598202092,1.9835688815562635,5.705577645005366,2.301068050462233,1.9345519415499002,6.660048327653441,1.0860001407774582,7.308945206877142,4.611214978410623,0.18614430102275778,7.950297671096021,6.854838884350952,4.619287805260826,1.9434320755320478,0.928324030294377,3.6828320294295094,1.3159658576663569,1.6220168186191393,1.7752884858434737,0.18435291509072047,8.446713570555271,5.426491159172753,1.8738873244999787,8.639537324169325,3.517770418624836,0.9203376917598538,2.8501491261007685,10.28208124282699,5.683209393146571,1.2737241225569296,9.52880086462758,6.637616220754694,4.389031376363328,5.7117205021114685,8.020264341711133,3.8091408577642336,4.925774217732422,2.9757763854752963,9.669903694013927,4.7232794835336005,14.720289378815028,1.9937262783932264,4.63269026971677,11.6617106823542,3.8898167521365545,7.225292930386043,15.78819438142586,6.783645866107076,1.5913434707811887,5.708441179494124,2.567970863679281,3.7611627862751185,4.609929398541827,1.2826731028561318,0.9740373913703934,1.13562566389942,0.11757862617778336,3.1281727144247227,5.842721456749474,9.749086974549355,6.563229966466714,5.006439964826777,1.400020622639005,4.5229026626367075,6.328038480495501,5.12256955029889,0.1500389460386664,5.7560735360644655
2020-04-19,7.410201689012992,3.510726478099387,4.9030438723832575,1.6925111074564885,4.518969751121811,3.6939875587217377,0.5550284394241212,0.8405678864512304,3.6205145563720156,6.192500589107408,21.780516498723753,10.43754415344941,4.122362296604239,8.504734915332257,3.7841004269964396,8.98241013457756,0.14634361649258723,4.779306890730946,2.2196757021431943,0,4.0223938029856505,5.955135561365872,5.115076018461055,4.378357163787339,5.317258677813023,1.4812139671123086,4.858102918689022,2.181529785363175,6.388784953755596,2.755956570208551,1.8458658070641694,2.615096089817004,22.004572648096982,6.87539012298027,3.5588489478810548,6.442709571497159,6.711320945794992,2.307727415809513,3.547003426420766,3.640554563067274,6.8419683709931345,2.0058275238622545,6.986355694302445,0.8123738884089571,11.254063639713145,2.7468102775514813,0.2958511485038118,4.705181692149241,0.5893214786767113,8.907379918012262,6.582566863194206,1.9864731096580195,1.8837212573090973,6.759699281323132,2.7112499382501154,1.9682746080047497,7.261096159587092,0.9991476878431419,8.238557910982692,4.61033360293243,0.21170522771618572,9.773752488836495,6.461885555154294,4.794547526744168,1.554362325372242,1.1307586556741356,2.9434118498423922,1.352965681201579,1.9424355282807726,1.9992058643068262,0.10245184554338316,8.266736586500745,6.067086255884828,2.0633356399313887,8.823728031272974,3.535707863082438,1.0514566727673962,3.3021561808896704,9.78451053734201,6.175945073335247,1.2827474906214498,10.571815127997807,6.767006399660658,4.343994412500189,6.703168835053723,9.71838103690877,4.26361571289402,4.871678183959978,2.9383087699362154,9.414654036453822,4.9567646877931875,15.128421635709703,2.3256752771501152,4.51970302595277,10.839892602284907,4.008743685807799,8.243474626431224,15.14958622373205,7.063602207655968,1.6695995588964212,5.5130662908499035,2.6696107027208185,3.1044203040451266,4.731262236831342,1.3104541250087864,0.6497292067612589,1.1485880970056428,0.17636793926667504,3.6473410464787026,6.200195582108055,10.490876151794573,7.431604438764265,5.133529884229482,1.136830188789421,4.676534385558417,8.204671052250607,4.136617690162396,0.27639962895760206,6.764897017802407
2020-04-18,7.996199520352665,3.587000732883746,4.751366941388424,1.9262375936261344,4.820796629618518,3.628589504926172,0.5854674632930656,0.9164307854041764,3.880035842973214,8.220116285344085,24.204081990466463,12.353807422951334,4.152239365258614,9.14201719617267,4.053680253283794,8.68226905664562,0.048876065337840245,4.5334881584934665,2.4478475323215974,0.11037769243827562,4.110383333780014,5.972652921864634,5.099584977309808,3.9301669340550793,4.441864409366181,1.7592676870818187,4.3066592520587905,2.6011659901846875,6.5915856114380595,3.29080395193615,1.8417397367433308,2.6890912833789895,24.48435601199572,6.551962092706394,2.9090773988892296,6.654969619393454,6.923040420024473,2.2265692710634686,3.3303746179812763,5.615372814901032,7.486313041166648,1.9882676568849567,6.679056258360183,1.0092483715795186,11.94751919705627,2.3034119563997146,0.32321926579545285,4.671318505106137,0.5890098614730924,9.171673097037443,6.975240060071286,2.0836957294663025,1.813757872717477,7.560840153321805,3.1133169573660893,2.0176718758309287,7.3825365807262,1.0294763610594264,9.502396403901278,4.470527874520609,0.23489399410424974,11.10580104320893,5.98069320689496,5.252004314827337,1.3356733523784674,1.2653551070889095,2.2683225591381437,1.2243122537095363,2.330196920759353,2.1659927765644773,0.12439494839981229,8.390834387665102,6.6118673163534,2.451527135440886,8.656926216959304,3.565777687179842,1.180541553874311,3.612737988129363,8.404779657730195,6.656785232976066,1.3286869778134018,11.914936304021605,6.5160350544538765,4.514873771917112,6.771579851357005,11.079653355222755,4.712542260171622,4.630391604103819,3.0586946620407764,9.013713081457123,5.040201276099195,15.22600164887559,2.6475297065868895,4.258285798563229,10.121500493400363,3.88111882307803,9.009675280719083,14.76205429637502,6.812271910877839,1.5263898888072225,5.387682354020562,2.567782431038664,3.331388537526392,4.610868337499441,1.279867248061713,0.375194139175498,1.1676117940221682,0.2357849035155013,3.782607749566306,6.700353570580038,10.675886314766087,8.337924272946402,5.276416734325158,0.7874925486903198,4.782222501710209,10.162649460697743,3.089169913449504,0.48090686646059905,6.646659168876738
2020-04-17,8.499372530303624,3.669039626828896,4.465734689815097,2.1110246919930833,4.752834775179315,3.5391413869287014,0.6201499121452958,0.9980908599793725,4.266387021551392,10.594823425759946,24.889519219111595,13.392963230766583,4.396301165356979,9.080902103369418,4.105779108480319,8.092777352535048,0,3.9375879849648485,2.9540164171144356,0.2767753154310733,2.868238065772973,5.654772615916796,4.987878634984096,4.211055681532209,3.7416778155409927,2.078986207007009,5.128594932769211,2.927447908873959,7.025138362458416,3.5962032412620193,1.8053251941402948,2.6978527282908025,25.831357535421155,6.606692620433112,2.305972816118588,6.715640153571889,6.778760813640631,2.09143007387953,3.14207001892437,7.093884470509182,6.869423902568313,1.9942263588003402,7.647578230501373,1.313636424840518,13.142129882026092,1.9738353243572055,0.411336389598449,5.046065263052128,0.6046805463475987,9.720709721232609,7.436165609331646,2.1878429507764308,1.865350019724099,8.370302305194835,3.443004592112849,2.117217036115108,7.7215530403106065,1.1667639690732257,10.043802493041488,4.078610763857182,0.2512934500452794,9.982943468993044,6.330822013741029,6.818217623922673,1.3432306698422918,1.3736319611460008,1.8171514218410973,1.0469530848147945,2.72656245610657,2.3518496666437017,0.2286916135785614,8.83882809409513,6.793886457912331,2.505975944502681,8.04023212115965,3.7304779424350696,1.3461464391271234,4.303330521954256,7.19054160716502,6.656153627262196,1.3406723613048621,13.010770095337902,6.359909870112464,4.848138248577742,6.094387109946542,13.1381329206593,5.0750245138799706,4.699196372789416,3.0989043460078505,8.665906433701391,5.315761819341887,15.405916280874747,2.759445179616186,3.1074916213009582,9.801465253383109,3.7778805100790938,9.442202996450074,13.570647680305544,5.688280744259688,1.4589291476506894,4.930263446611923,2.538935405152095,3.8010917704868343,4.437529232500219,1.3171614946750527,0.5146541947129416,1.224883417386713,0.4773444325141041,3.620786917679012,7.3428171938650255,10.951590472697255,9.318854832619346,5.523698385930283,0.670964831589623,4.895113343945286,12.66317055518679,2.8022490145430234,0.6612323543105703,6.871484535997367
2020-04-16,8.414876525873959,3.3945775624217487,4.349807975529847,2.3528734884852,4.877687736259169,3.380229478252087,0.7329720050213521,1.1732544811400587,4.667743322739448,11.457974851408677,25.18450097020529,14.735057446936446,4.546713020597422,8.041492390218437,4.438914805857556,7.493401174216989,0.04923704384499258,3.3647488390669147,3.3764141827083316,0.443172938423871,2.560441868041896,5.434266873511777,5.219703109869618,4.762029538961388,4.355935874197751,2.4191887408858546,6.4052447284117005,3.3815418035323175,7.5636283600312675,3.867996735969751,1.8312655117278531,2.752293484188965,23.82803319040842,6.648905120689623,4.435724061091043,6.7461738524012755,6.9318994813879335,2.230508309079382,3.3751478644685897,8.54450835291,6.547198049919996,2.028487163145106,10.463200169496394,1.6766333422620312,12.994404678283928,2.3415123838468554,0.5622422471634433,6.542740180051662,0.6858027058799824,10.391594122357647,7.800545357289601,2.3206688725323867,2.110856220903301,9.740007911312679,3.696733310883175,2.2914093369839073,8.606436841354878,1.3002856240915535,9.823369684773354,3.650647845489985,0.26335100575605175,11.611931314616937,7.0651015822906045,8.024450149727606,1.768052039033563,1.6308631726580887,1.9970902420630117,1.053215254770401,3.073638936148426,2.650394755811769,0.43835175490657036,9.235074318078913,7.485705330945643,2.5611107696767035,7.203923058618308,4.127012103359025,1.6161803876099334,5.421314453490744,6.018345169607324,6.763056944382262,1.3609118548976988,12.987051719737043,6.130979739504132,5.556548969590295,5.0502725326888305,13.808134549752191,5.167210901912944,4.899010954085536,3.6947921183072108,8.076360026572594,5.54202416657763,15.605292459627837,3.2469660482340457,2.472488818019277,9.950234973402786,3.6322060851023665,9.395009755148909,12.378691785154421,4.484989221712639,1.4792550067723214,4.753405241067776,2.4315725896210783,4.1737487503179445,4.389449571862196,1.3987757971789823,0.6202497471657539,1.3513870026259072,0.6596893649241616,3.271270790289438,8.13587764611859,11.396422443601692,9.877464299789795,6.312466493386763,0.7565686269067099,5.184328234522602,14.230550035758956,2.6690919288278714,0.7926843882657927,5.6914501689657655
2020-04-15,8.339114441447762,3.2265716611386663,4.4540142156024976,2.5073022226315502,4.800099542256102,3.2687164192481597,0.9364246428362458,1.4036384061134832,5.660142585028234,11.543476743948325,26.224842064012183,17.654675551402164,4.901836604121653,7.893137341822916,4.749957260489072,7.400171777065068,0.09847408768998515,3.043264154284131,3.8037824903699744,0.6129466964260644,2.0227669693841266,5.541615280489487,5.677562398776563,5.823693541252643,4.959315059348923,3.0472987925141894,8.435642985297006,3.7338532294198146,8.52582934020294,4.2383603162592225,2.058590100939687,2.8774075636469165,20.921839346435863,7.346317717323288,7.287147582160684,6.875693613473681,NA,2.3796874239423005,3.7928697044627313,8.350821672896869,5.771977444425769,2.305598627057696,11.503943701789503,2.158685520511298,13.782462490287598,3.4279066036674446,0.7832076956048631,8.377280905907533,0.8737541952330267,11.170969163921463,8.314232812468221,2.4494421022557797,2.467275087089719,10.949674012335946,3.9512942116395258,2.501366523800456,9.969644128574219,1.5337191729097273,9.262299025740983,3.285332377172545,0.2768258367054817,11.385507786597422,8.072386275893773,8.896523260127198,2.161006842746264,1.7942264477182428,2.3899510159855066,1.254347298618419,3.225129175825551,3.636260952845157,1.496100272768312,9.934599462584607,7.876130122500391,2.2750955303841116,6.728495827547938,4.662630295074743,1.90863439596336,7.283098546859423,5.230214673173779,6.568577833977359,1.4170727719540126,12.440432117768449,5.646576037450661,6.844978443022527,4.648807520675661,15.431263907392113,5.1463101734239585,5.369435445836923,4.315723245130232,7.871861462858003,6.104320583997169,15.815601893445294,3.2740207181313354,2.9190666810432253,10.404674940348505,3.5606275051450607,9.14697748924244,11.860687964886123,3.275002608408406,1.7505550593618802,4.458860201468351,2.5104538809711827,3.8580507203842465,4.748153713130414,1.64074203578853,0.6915631135780679,1.5243414794583614,0.9072013421549027,3.0142485492420676,8.974922131774703,12.257031471393187,10.514217624218306,7.102042716726668,1.4866614514566094,5.64096316642498,14.532817663650592,2.4663454649947867,0.9020189390346989,4.463719161445605
2020-04-14,7.997089098209752,3.09183227476438,4.880707645569478,2.811439807255548,5.232170493030523,3.279612691252306,1.1604878378613643,1.6901298591636953,7.024727265617721,9.6824041951915,28.475595938446702,21.33637576781714,5.3178708370092975,8.204397577998446,5.236665843898384,8.067282110609808,0.14771113153497772,3.0049276176928874,4.196432145660545,0.842812045699648,3.2982761092746817,5.973338152092578,6.4018376343836,7.369722741582933,5.625072513165774,3.6915057111946905,9.416823371553896,4.213104775868144,9.673493602170543,4.685338640127923,2.7178500787309767,3.2645869251757795,NA,8.028252901646098,11.590100056214814,7.016556038483783,NA,2.5395870370454654,4.469130778385562,8.690068169585034,5.790956677181984,2.811482804432789,12.697623860476044,2.5474449481989847,13.08229067491106,4.539397482912248,1.0746342914633722,10.281332916674664,1.139268917865725,11.662318981026091,8.730102350887277,2.6011392322104663,3.053368000899052,11.584406617605454,3.97446723858809,2.706806476088941,11.177125043518918,1.6832296014946662,8.137901052145477,3.019590949253977,0.3033457993356044,11.918187708224984,9.236118464781555,9.575573990759604,2.7607318355532984,2.2170169715850654,3.015689804128422,1.6202616030614052,3.3108973027467403,4.493336253347262,2.6606080058750945,10.653291594458736,8.59480052845225,2.2703702119607185,6.754373318424182,5.151754866533964,2.3141424279767544,9.886260099015416,4.891546976413815,6.632623855269111,1.4465300470307474,11.305811224981909,5.309790740084175,8.062749214626255,4.173435216981399,17.53246043615387,4.787610900639734,5.920214529096834,5.2289806204365,7.728832749898795,6.654865152643419,15.995481614321672,3.551896832265148,4.0583253190537905,10.362743142829174,3.540400411677521,8.738355138158676,11.666996326935694,3.6680943540562394,2.1317382416658073,4.410247155122267,2.826439310553197,3.177882117697147,5.458801609955525,2.0671725478728606,0.6778144654085253,1.9015421060918136,0.9725707546358672,2.8494757765094767,9.877507252638258,13.051276173620098,11.181940570140547,8.052769311661397,2.0604315867953713,6.250310492539583,12.821775279246054,2.132017955737727,0.9875711006948359,2.8494151055846664
2020-04-13,8.176295117956618,3.0156206030983532,5.102048517854185,2.898045586336432,5.245333581549875,3.293475009534171,1.3945446725014927,1.9905124997121677,8.782554292098066,8.04756799763926,30.571627797101247,24.29252412016966,5.862639177030464,9.019123483078525,5.985830363021287,9.51690735983904,0.14771113153497772,3.298847333384806,4.960180185457548,1.02012973330472,3.7843552647317535,6.4891364144132435,6.98326446472554,9.159946278284632,5.865664706409642,4.207437696215684,10.422399343890199,4.462477210050693,10.957227103359342,5.191916494108543,3.3839369083284034,3.950026386241593,NA,8.57398519530593,13.33596723817762,7.436227890883622,NA,2.7730994904600736,5.137198466209266,7.428964917392526,5.319473327248543,3.3848691503616988,13.63390298186733,2.999996042010459,13.407759121863412,5.257938407086031,1.4165249730496265,11.254627572329934,1.3781928663485192,11.917606382972382,9.080279860964417,2.761407431432531,3.8682742476802736,11.229012607399664,3.963398073419818,2.8117418000355388,11.200934041871252,1.8367913739113062,6.787933119090236,3.2221295035788224,0.33974522681322245,11.344064770064385,10.358399199643424,9.733733889229645,3.042598667712985,2.477143769884497,3.5847654330258827,2.1651624564352914,3.3968543762502725,6.43671902740471,4.28652520419525,11.609497353373584,9.13813784505128,2.3051708686907904,6.78211411598549,5.365773067070112,2.815562698126306,12.342600444459938,5.111010396719669,6.442957819813648,1.6122062057986348,10.744912213631638,5.472011666597609,8.675146240979277,3.5783574641592875,19.975767108349576,4.387296815224199,6.691871843960355,5.835890569420932,7.956255357674695,7.440509114113499,16.210498432205448,3.112057954104408,5.330722371130429,9.970753915229272,3.7351317466418323,8.63953464618088,11.53267788663741,4.612702362408634,2.606234427644812,4.150438551416909,3.2216860762916597,2.507160022558471,6.290535385970619,2.560486251894889,0.6645719725610159,2.244824409035292,1.164482116611465,2.775759892367069,10.717894852823543,13.547970190601921,11.827875889376148,8.480715406799103,3.0086044408233072,6.884045549250446,11.49568983159551,1.8526595371720633,1.0512909260883403,2.139246394548818
2020-04-12,8.152564752605373,2.9259499853311186,5.495246280380724,3.2162899816393566,5.6376823662023305,3.0599080745291607,1.6217617402854694,2.2360472507317506,10.198177864438485,6.430474672812621,NA,26.40467998467139,6.113136126981662,9.628052174470403,6.4512341954391745,10.959312598826388,0.14771113153497772,3.5373540840735185,5.42870170735313,1.0273771433755814,4.585637934838978,6.792030843031371,7.4769678070498795,10.47789147234622,6.3403719808530505,4.263871672668758,10.736870532101069,4.664864143229715,11.724778652826291,5.601103746821827,4.014308281443024,4.819685646896439,NA,8.579746285865449,14.457296231974167,8.052701366768819,NA,2.909896773213605,6.2233919143986975,6.278778576600145,5.617579060619112,3.8050535469287197,13.458148126877896,3.12256451115717,12.619982745776152,6.061043579711815,1.7936103239464485,11.229393578012367,1.8029831666730889,13.295021599109972,9.096695314409457,2.976725316880365,4.9059958860093,10.644463439847485,3.978106423135297,2.813809637218364,11.330845969779979,1.7498808018953242,6.240263951962977,4.167619346518769,0.3796632924236191,12.183523454654951,11.544135858892142,11.731714177905017,3.1207621015440687,2.8310206376544578,3.973318272681814,2.558096742351538,3.4981580061684836,7.741512267476458,5.449764804088364,12.237020728673905,10.10114335669509,2.823146389924728,6.962745580804734,5.384937879466493,3.5190356093939057,15.617781877352076,5.504844461825109,5.896832367622433,1.7687834796800954,10.256403159572903,6.488278096659128,8.752681010918284,3.6069687909762984,21.06845081010221,4.485263669945157,7.3038716930792225,6.277636764479359,8.454390984114484,7.550582132964238,16.562658425705607,2.9927942167554975,5.424829104585919,9.225497498600413,3.7413295172040137,9.134649326240352,10.71599003459871,6.49324588061629,2.9225649184076405,4.030159015324397,3.541979033487445,2.087508864555976,6.904221980841478,2.9231058800391305,0.7637295835608349,2.5597715215986083,1.1132850006569346,2.8522276848229167,11.339652829073522,12.80737838916537,12.53076635143912,8.882289043651484,3.307725495653154,7.490054971629882,11.468403360952006,1.505952351080005,1.1187679583930448,1.8736033883649676
2020-04-11,9.026448123980924,3.294153105269911,5.644512436804254,3.6765163347817653,5.206262910221045,3.1093296959290604,1.8046022422998502,2.363583668444972,11.295827696203068,5.8438368494516,NA,27.416278105416545,6.216583094841936,11.154385808727133,6.736464098753192,11.691871286012923,0.09847408768998515,3.8762827401889335,5.948959969456413,0.9185130316205307,4.963715988682156,7.926288473828946,7.604403307126255,10.57793259092162,5.600996853542488,4.30438107332128,11.458239354751313,4.673269318498223,12.147986313218295,5.830795917517658,4.305321029264442,5.67115175548744,NA,8.87006955676893,12.015706958852064,8.83982027371814,NA,3.043644728775489,6.728960031305283,4.844782738166901,5.800597934138681,4.047591199247928,12.948198634358343,3.2091008809175627,12.669746476561057,6.1191871126203985,2.132929055862872,9.934180993945192,2.3551886610024386,15.048846971830873,9.21408571864888,3.227839149435785,5.97595016304638,9.412186109410502,4.340918285772906,2.808824524768627,10.23099724711481,2.0511800266459637,6.776941473844511,5.872905302772853,0.43712408021405746,10.73634310183204,12.5494489726853,12.946133491585362,2.940061037368421,2.6477727614748092,4.212871152856261,2.781263111135912,3.6840619932135388,9.20269235960407,7.455097812134833,12.879583711075352,10.729532666116574,3.548707150131795,7.419879142693153,5.401788879390579,4.413250919945488,18.79970194978484,5.903475865073308,5.847127039837134,2.0598663429348685,10.41527224815751,7.966398238884099,8.61505180873762,NA,22.439582349290923,4.938084121117181,8.095976294885254,6.241151978839025,10.021595480191866,7.618037767701447,16.70104092433037,2.262088388278949,5.4780353962428014,8.81309234349746,3.505442570832732,10.411974653486947,10.256490594967035,7.581311847375738,2.997954046958662,3.904654099681948,3.7679502342516193,2.144204352636536,7.191421196351677,3.106010237045583,1.010420236565146,2.8127955617518094,1.127171261885107,3.0188001419968544,11.758193022775536,11.271406568182321,13.49828197126664,9.013925368460484,3.3554310804060274,7.992948720755059,13.547791097050451,1.5445951791111412,1.1843823745937065,2.470418975289316
2020-04-10,9.345488048835794,4.238684575294298,5.966035504121581,4.475834518965072,5.661047350616004,3.320584755661008,2.0521853993344643,2.365617395680227,12.168705267993436,5.0274120067096195,NA,27.03155821349939,6.472567115522843,11.569145035488257,6.660096543700944,12.038568244750685,0.09884043797186622,3.9829288051296854,6.164931105970724,0.748418227601196,5.95639701083283,8.568677794770878,7.8280964171787355,10.159581618131389,5.383571789383046,4.140648901550363,11.942435351105736,4.613886822403261,11.836754687562202,5.849683261892184,4.8017535244730585,6.452854963800148,NA,8.424631385261808,9.214351995112935,9.396652031811422,NA,3.366402891690523,7.752116562545583,4.926236311604566,6.19503068631555,4.243217442169119,11.300443485352485,3.1052510430751004,NA,6.588192494035527,2.389598811510966,8.445745538918437,2.9795583511535253,17.08410100300084,8.956226832813748,3.558875181810328,6.947458951949992,8.26566295707091,4.675634508077804,2.8962019073660805,10.155721360399534,2.434857405149956,8.077450070104305,7.240388168962745,0.5216878494128144,8.58879445555807,13.812089668387259,15.048446239211014,2.9873563860176,2.585781324690125,4.728623441378736,2.8487605580556075,3.920926018613128,8.938322365612354,8.278411372727867,13.088708756735505,12.273240438146326,5.179634634039528,8.544334896703928,5.450254811760121,5.544673383007903,21.840070970320035,5.787193347684605,6.369276167402911,2.3082040225916645,10.473834057453177,9.233011119833412,8.75296064588289,NA,22.58513867130199,5.343332692958969,8.572509962305563,6.064219110516052,12.426619069046119,7.711748872765882,16.512779435612128,NA,4.355114167540501,8.279714590638987,3.2104377962986894,11.606789155663119,9.25296678858123,8.340298485240767,3.0246602185650673,4.036303482205561,4.056389170993817,2.5991347156969344,7.009648048029978,3.270800218012685,1.372424748343463,3.18691055551783,NA,3.7028239730654424,12.182340350831351,9.7723377998529,14.687150846979181,9.299520917653906,2.9607858499060966,8.578748944974999,16.29219982731434,1.738854553819132,1.2227414010190636,4.202449646397406
2020-04-09,9.615343710493308,5.511413531832887,6.7496897693245295,4.890878108697867,6.047223074760903,4.15904906476791,2.4134105308214546,2.4313753366264588,12.577011092128107,4.70053147432401,NA,25.19546197282848,6.9401051345613585,10.987144018786502,6.943032087269955,11.954525044674305,0.149256393485205,4.360128885467714,6.429844908675915,0.7586856694897411,9.88661610431716,9.45919834146555,8.066546380566994,9.554168428426564,5.10976153998195,4.087477006733724,12.359279842857266,4.631800944916731,11.5662651160728,6.128768327548399,5.080602441979172,7.245968705147443,NA,8.010492578290865,5.545235096907475,10.068391472652735,NA,4.44576306680462,8.159156643909835,5.122180752255419,6.79429949769937,4.520139804834959,9.638686898232292,3.2663512672442905,NA,6.422594385261182,2.7177543083181175,7.356526097156831,3.423634529487085,16.976932781447527,8.883041807610036,3.9550919961209483,7.574315877511384,7.624973616948227,5.295520850230018,3.0859715987903455,9.284606545849114,3.0541347813258715,9.101947243436019,8.396069842455008,0.6180451280983693,6.8663190927738205,15.30799987718813,14.811863939276389,3.2708550283045534,2.3064079068375896,5.402338202494339,3.1117553616568725,4.401685564268165,8.714198995510484,9.173694925008776,12.877143600797895,13.997162418075803,7.60658516276147,9.742220553854807,5.652704314512598,6.7067471054902335,NA,6.132677020097388,7.776237726559605,2.7397297005227785,10.391602229101663,10.064875217083495,9.063378144282026,NA,20.903410391614578,6.058513525408116,9.48432238428371,6.091959800119777,14.875506071565654,8.661730409100706,16.158980874331252,NA,3.473677771755742,8.100420547146918,3.3350436543717166,13.491006106481699,8.300532959880988,7.783946115778424,3.1251327803358966,3.9560115481415656,4.418882948604834,3.466651124997185,6.824408142051823,3.378892300904194,1.7283621532420652,3.563360334325183,NA,4.807698959618456,12.777786135677593,9.53031748854832,16.305763737357008,9.745896571466227,3.127812586527553,9.318553700216185,18.852884576144735,2.07589781787297,1.2371639447695222,6.779822565429631
2020-04-08,9.29129419034486,6.711501472984212,8.4286675625702,5.40534545702928,7.289672132618034,5.55876349200537,2.962049707023066,2.575181604372075,12.611303699218078,4.912328365371447,NA,27.28852646395709,7.619464044991771,9.669659934445619,7.413104952832228,12.092764597321322,0.35037707508225324,4.759738563185041,5.89063403310018,0.771635651065905,15.700492375931741,10.085846454926703,8.801480159290216,9.087437375352973,6.757833988445916,4.122522638986463,11.882258277919421,4.739328461397767,10.972991741957768,6.7914255904944305,5.77539330708976,7.829669119792394,NA,7.263619376848296,5.191528938175812,10.557991334009099,NA,5.864835737870304,8.758856254136047,5.382517758269538,8.071624202579335,5.054898019815727,5.924998168707211,3.6784850635045587,NA,8.503842932687157,3.1080975226531895,7.214981870378716,4.090303641961539,17.697486676310696,8.462090841486724,4.425608547818927,7.640265404377478,8.246029432879947,6.293980920829186,3.3572988471686736,10.167063677532898,3.650455955393165,10.34188886159558,NA,0.7080866287474027,5.740944316907452,16.066956816527863,14.817742404817798,3.608637307916688,2.368356499090115,6.520680635013439,3.6042316434348853,4.903261043170064,7.208384908434111,8.769267224704562,12.379568468128207,16.181697608538855,10.607568028090745,10.7366937390918,6.033522424296356,7.998644147179197,NA,6.247691475128729,8.92797244245196,3.2537389519012048,10.056711217954676,10.87823769637064,9.853537750514073,NA,17.391262638601496,7.379811478201896,10.344431288971224,6.586082212168787,16.417869665721348,9.648709207329112,16.66309526001354,NA,2.562814248031079,8.129377852826131,3.617705057924588,14.719409468290904,7.178062055805172,7.007630020609068,3.4958752205720276,3.964818746613593,4.96236845264096,3.9018541497030177,7.013352389933962,3.644359644011508,2.1189673607840667,4.02793529481383,NA,6.1531278783395775,13.433547339288438,10.063990673447913,18.26436486507593,10.638458621460504,3.4874703370435447,10.322743146085752,19.98562803417323,2.3822873843976153,1.6181208762911032,10.021087242222253
2020-04-07,11.076213876027346,7.576816186745757,10.74442272939659,5.6618517693682575,7.398378602881099,7.368688117745773,3.6588039659383544,2.9365048827100524,13.025745155783852,4.96807381197566,NA,28.959083788941527,8.33488556525234,9.08268829304652,8.23805205381168,12.745727894057982,0.605238245409819,5.3529687198083264,5.632998014886274,0.8983639865748646,22.37055970581315,11.439049403130209,9.497743007485012,9.16825170985572,NA,4.686767710348676,10.497441746840952,5.379320023273282,11.066519201297108,8.586119924041961,6.23995064385167,8.23579188927152,NA,8.01181106979812,6.692759274803565,10.8681366699995,NA,7.120445785274443,7.861450912934088,5.800683535398725,9.152405313815425,5.864948915815431,4.933044761696166,4.532237253245364,NA,10.72465292029053,3.7482763725286063,7.4767619442923205,4.78636250551457,18.560371498086198,8.457950602657327,4.929831878301101,7.2328491468506435,8.841056008801296,7.846311448092158,3.6781710181018092,10.079004944490721,4.248821221903627,10.953221776141064,NA,0.7991518684124991,4.885338151958722,15.580020618006444,11.757075281542788,4.548195938647266,2.292159770694228,7.5341079092641055,4.318233667960603,5.385566281922298,6.514814444125139,9.33792878406036,11.889978188052805,17.811917120409607,12.974400068032935,10.929845693620395,6.60668269651119,9.021059949076841,NA,8.187479100229574,10.106578977947342,3.7917246862196587,9.55210878544326,11.069177975316029,9.854646435984549,NA,15.484001244513479,8.769259673809948,11.398093015433249,7.522516007727124,16.410237804221794,10.677308902497362,17.429739020881918,NA,2.492486678292568,8.60907776827547,4.127423607393392,15.940721068611825,6.9618263802241716,6.105943429676675,3.926779310754802,3.9494781613225984,5.656275806945403,4.1428280235405275,7.837244760682549,4.115413843033755,2.3538553481434374,4.673229310870257,NA,7.133541814952582,14.121474501743503,12.045310455619163,20.2721608250648,11.973208222916847,3.6901509642309094,11.35884925307092,18.51610088581872,2.902349662746332,2.0990884865747184,12.853827049993575
2020-04-06,12.010307386538944,8.128418081661433,13.468590252995975,5.58511143311593,8.922402151676582,8.919688580809982,4.347099346147217,3.4575530207967033,13.498203568976738,5.371930769601037,NA,29.1386749752488,8.831663115071352,NA,9.462282569801566,14.73374003371531,0.9153344926269069,6.087783332138175,5.41503405943502,1.0258502615814402,27.489342284923037,12.193676790819863,10.395825568537369,10.192237415401932,NA,5.229621053421359,8.956161771146515,6.206279433639443,11.042704543914976,10.702018534930868,7.210132544403791,8.59852296934359,NA,9.121420605308005,9.559558177546775,10.66661096503847,NA,7.7025322416723965,7.227393200018417,6.8924402618181,9.678407006029643,6.73966888244469,4.632868922210524,5.592060986633014,NA,13.004542710488018,4.308156014612208,8.070083053575786,5.356123556687242,19.85778576997229,8.216956027620212,5.490601503180066,6.932680774882249,9.309652459867745,9.401245978219475,3.9574133336910102,10.60694815091782,4.391366863987074,11.640121519954075,NA,0.9000090748657966,NA,14.14586510074909,NA,5.411900303338831,2.6326080689237363,8.58931690637282,5.294137970195474,5.68046415262542,5.865979870889697,9.082920016333825,11.589385337539422,19.291816139763267,NA,10.843557850669741,7.034501199777961,9.76684190770991,NA,9.405167237979535,10.715740107336211,4.169085763636193,9.28081588829357,10.955813599288426,10.289737994517083,NA,14.506865060806984,11.261232997817945,11.917361349292511,8.795905060673581,15.446050692591173,11.120788105151277,18.996993609434217,NA,2.4159068016237204,8.69090503833679,4.872984815240018,15.86322839121356,6.657441730008322,6.30109288929946,4.555605463534211,3.9438033228438307,6.536931475254322,4.878777873810487,8.89418725985096,4.711841656677544,2.6611309406405916,5.505699185189801,NA,9.01398102219831,15.363390663178496,14.442507456285783,20.802953320179245,13.052135553362488,4.1299812958646305,12.533626810295551,15.791943791061561,3.0105415059004694,2.7884910784593764,13.920475498083084
2020-04-05,15.147322552141448,8.020956324645953,15.83710747466538,5.416470502101693,9.954266800296903,10.1916178794218,5.151649810771223,4.381001529303726,14.80457989472793,5.467260987446824,NA,NA,9.103997724566307,NA,10.927317586632206,16.09755771076759,1.1271364131811106,6.616037632168026,5.785325903675176,1.4088751906811876,29.677440208393566,13.202161717445438,11.097982011996159,11.638985756235735,NA,5.663401735860152,7.133806837964459,7.4596288662261685,12.232499421462494,12.481220570163018,7.602859965653826,8.872911526562081,NA,10.552905720190422,11.376675399187711,10.312120041527706,NA,7.667158282800379,6.197228868478992,8.36460451419229,NA,7.456998820110676,6.062283177390963,6.421624264827885,NA,14.15756915093862,4.994322012861008,8.60759560497096,5.662165010743199,20.233738220329464,8.504457394639223,6.11224342961354,7.341475933284744,9.667150554472721,10.71588179570111,4.116827138410232,9.305606679169324,4.060103916253037,11.165042521848008,NA,0.9632758254866683,NA,12.267422337909524,NA,6.511993416666654,2.814409959468215,8.891553158540518,5.914590444637173,5.920053556018812,6.165950124962268,10.090315686468971,11.660559754107299,19.173322972388938,NA,10.574459228046186,7.365998866824423,10.339136278672786,NA,11.78368940934765,10.940949241749406,4.437234822556284,8.964017863894247,10.542120659868592,10.08419299074561,NA,14.2531960972206,13.486571548668591,12.292724167139342,9.913802311308318,13.48659613584442,11.576405709404437,20.348818315736153,NA,2.2113205094456654,8.95084426272726,6.305675160066386,15.547459085187088,6.368072719123889,6.8056121612922515,4.921265488556359,3.678757363705931,7.430216626762776,5.639959501011489,9.832648123354122,5.280486898081997,2.864000710921862,6.411864488867695,NA,9.871521043020959,16.627721658181876,16.77428736363696,19.694303035474316,13.888895963154079,4.2024059453300495,13.507258373762832,12.185110134018965,3.7610026967702215,3.5813543858499073,13.446284202636775
2020-04-04,16.814471559040072,7.6262385504598145,17.09206473027576,5.7143086638802965,11.229341620492916,10.578132655571586,5.99300395874461,5.275555598261102,15.689109168893124,6.098795643544134,NA,NA,9.736853266094903,NA,13.045923240749966,16.532081139917864,1.5154894600992213,6.876507996174852,6.148228930974768,NA,NA,13.893838478455223,11.750736398176208,12.780303366642606,NA,5.84442515098275,9.170729346107388,8.328979981332353,13.206143998377947,13.652920745701051,8.002954383842768,8.917707035893038,NA,12.032342158908085,11.849154556674776,9.615369386598209,NA,6.942734704267746,5.888395325110444,9.452849151766133,NA,7.834113945481229,6.665746046748573,7.113603899087832,NA,NA,5.962352816614591,9.597162205594552,5.981060032644951,20.259201843116028,8.8014170854431,6.735899826211063,8.037983702714225,9.899895327421401,12.098083431958365,4.2711043819169126,8.67517367085205,3.8145101272135515,12.01881403437648,NA,1.0046930822285323,NA,10.204589777386786,NA,7.330494260628173,3.2748024115131966,9.52552898797449,6.2922873153328895,6.021569986860416,6.0185758146459545,10.404771467794223,12.46167650606776,18.282687769810806,NA,11.036857444459155,7.802831103584514,11.04743383946402,NA,NA,10.52097747321358,4.751957915718608,8.811030753348549,10.498698272565939,10.773782484293177,NA,14.127393577771175,16.937905639577867,12.391390722301006,10.961305940400797,11.650311775072572,12.261040872834046,21.928803815203796,NA,2.0067342172676104,9.092165013052004,7.497124399118434,14.203638314781145,5.817510458367455,7.432347890828421,5.295489123060866,3.726678984359285,8.21168085456366,6.216289290108949,10.18124378433379,5.640777267384693,3.2810239382260686,7.386785498561532,NA,10.717971638202524,18.211874233453592,18.478342224687577,17.991990861286183,14.17595800453965,4.733137689280735,14.368181362870539,12.118642673716096,4.043574173108359,4.720076899023569,NA
2020-04-03,18.360268791633636,7.124917690577622,16.83043882485018,6.764556702067799,11.313262096815652,11.190029691545892,7.385453727511375,6.2098937016055995,16.696848057795286,5.469208111917601,NA,NA,11.321903550295328,NA,14.043992305698438,15.578161626335259,1.9855864129030139,7.073640354606692,7.523550830616532,NA,NA,15.043728236623759,12.518960036722023,13.64596728257937,NA,6.40198427803127,11.048570573388846,9.362249526586012,NA,14.14145007664737,8.237791260952276,8.660059136823971,NA,14.243093955465902,11.664743721771323,8.77683655770678,NA,6.442712816161926,5.873222267752738,10.310075145914162,NA,8.29174568925771,7.049219059187561,7.538309602948841,NA,NA,7.053170895674469,10.648489371411808,6.329714532920179,19.550370044365707,9.38530612605919,7.388588171929437,8.987288788256853,10.096581604176228,13.47236440976526,4.568195954342709,7.757613218342022,3.6858273793998197,14.84639578579352,NA,1.0572826905933308,NA,8.408760228072554,NA,8.501630196962854,3.616664404506631,9.766909108790196,6.657860392215846,6.123735682297604,5.951461869800208,NA,13.976783141922603,16.92957445999095,NA,12.061059881074495,8.615236365075715,12.363947548019683,NA,NA,10.172191774485169,5.00761568095273,9.068590100112843,10.04531171074022,11.035439128506892,NA,15.083635683793155,19.823888564339477,12.698472539833132,12.18169189485118,9.783688458604201,13.053749863376256,22.24792888880406,NA,1.585482058743944,9.369014876056236,8.695412949720538,15.095643726191263,5.887631900032142,7.855706200385233,5.5014023154669704,3.634653135021456,8.930758082752195,6.302900899988899,10.237715440487326,6.099834405709233,3.6974883238652425,8.387485082062707,NA,11.094115212275776,19.960507125599907,19.558608555273782,16.400848836371427,14.696337946122988,5.412279842671364,15.096724950648259,NA,5.100341690724848,5.5807202309004005,NA
2020-04-02,NA,6.9360086774744145,15.584230852310288,8.529566269932117,12.920601271461493,11.603715650210528,8.774834378012178,7.039850901860116,17.8114607732059,4.878695480295788,NA,NA,13.421630457816924,NA,15.606573854876464,14.770613442310498,2.4070282619152117,7.61479819931945,9.213775346337835,NA,NA,15.529765697054717,13.9029502497795,13.812297196622344,NA,7.299101252470204,NA,10.43654801765436,NA,13.910682266999897,9.467304803623573,8.484716718979701,NA,16.319015504029085,10.984643540774575,7.905736877388492,NA,6.287066697604867,6.783981816925751,11.123583164989027,NA,9.072347447145757,6.344825999382146,7.926890565559582,NA,NA,8.334841946436597,12.209756771133748,6.73233346521019,17.47593104827007,10.133040797199662,8.024881229675366,10.403707535120093,10.724750150108104,14.445782727015688,5.0426209865815625,7.786100428709507,4.220648190437111,19.84509275182278,NA,1.1147384973463719,NA,7.22957264851692,NA,9.503048123710492,4.28500660039602,11.030003217051853,7.461949411138669,6.1890539868474965,5.537504558109522,NA,15.952304217644679,16.00517065783736,NA,14.39069201031063,9.77159034312205,14.67593914226802,NA,NA,10.06754021431527,5.672103662502829,10.205972619688001,9.74015290122611,12.97455646306728,NA,14.937753824635632,22.43311115427729,13.006973981512566,13.966572425170868,8.505566318053429,14.718814101981245,22.478239042822075,NA,1.8353636506261466,9.251114699774021,9.67122297732809,16.36076305802076,6.077142025174346,8.681899246868753,6.274414241944992,5.156038190029418,9.729167177034848,6.251017955020766,9.802937654285971,6.5355025254622,4.322091107587693,9.133243843500413,NA,12.827202002379494,24.058813982420126,22.632073861793565,15.578892784107357,15.450336797480054,7.184328539943523,16.16118028363093,NA,4.968316908565007,6.2470806051575885,NA
2020-04-01,NA,7.531513739008999,14.690888318101866,11.095918778999433,14.84614788286495,12.423081667815872,10.769359137458222,8.825275671691312,NA,4.216404260463021,NA,NA,16.18800505179255,NA,15.69946517180334,13.713755876110419,2.7488717935666576,8.129188141683219,10.603940692497911,NA,NA,16.4410678526663,15.309787763546886,12.931270750079507,NA,8.751903267643627,NA,11.540932356751368,NA,12.912178372490073,11.033136455020294,8.337052545203804,NA,17.713150951450178,10.712931578878418,7.596447072487944,NA,8.360930341356433,7.9733350333680635,11.972841881040923,NA,10.528950651745106,NA,8.030083742208674,NA,NA,9.43616720362058,13.325102439597213,7.255073415108619,15.111913392650203,11.196412068643614,8.563509947414735,11.709482129973603,11.875243955300759,14.787902257623616,5.696693282943473,7.558275205889749,5.985893538224837,NA,NA,1.1454396617175473,NA,6.767417643963832,NA,10.417394822430143,5.058572219827624,11.655766885995662,8.13075702553904,6.794698366288128,4.95001774714446,NA,17.84826052165241,15.317557962180654,NA,17.006741683517923,11.231671347248984,18.48928412295825,NA,NA,10.14441100788773,6.502755414562222,NA,9.721283072760146,15.157788513498241,NA,14.455331511521237,22.37274373533933,13.638705317688396,15.506828716572777,6.925826089273472,16.347103530276538,22.42939953332622,NA,1.9096228585991248,9.469698968205005,NA,17.423782462205846,6.523079526230391,9.146073136457966,6.8981554180947535,8.183850164753611,10.828152506674009,5.476565422830719,9.708412871140563,7.165637990575909,4.903695871302179,9.717808183586628,NA,13.54806505219291,29.11434251025169,26.018990684905784,14.230147482489755,16.735308965157927,8.979272447531583,17.75442117020216,NA,NA,6.76294650150165,NA
2020-03-31,NA,9.083886780472175,14.173362685080656,13.567441391283483,15.39718190935846,12.281539717391617,12.489993827689043,10.08206317604213,NA,4.50658822663353,NA,NA,18.380375330626396,NA,15.73504932488555,13.2970767978806,3.173164159216039,8.832406936066388,12.22538506854438,NA,NA,17.197913070367562,16.923708140877757,12.46073701465796,NA,10.350138833557908,NA,12.4904807708071,NA,11.894488177213185,13.066016932435653,8.322442158795717,NA,19.468472192961492,10.948522496618262,7.895757898488724,NA,10.59774320086951,8.835724860073432,12.271646116095747,NA,12.0617048923311,NA,8.466632275068179,NA,NA,10.305418055464234,15.006314246302425,8.250683788809614,13.841182300444503,12.354397180256017,8.909224696752105,12.33854049986629,13.307282993188034,19.123387691830594,6.400905871523999,7.94133656809591,8.49904681499559,NA,NA,1.1514561462237394,NA,6.38527781053541,NA,11.160896975722764,5.881709603572764,13.963058322635897,9.635494199513143,7.6715327215137075,5.055205454443312,NA,18.67986459930641,15.238360201941003,NA,20.13177044040236,12.817773017122317,22.860000066967565,NA,NA,10.73168684436452,7.531655668506768,NA,10.182602167261575,18.25611487519127,NA,14.323292477787207,21.447451623032958,14.528787131534788,17.590532743267282,5.447499568844598,17.75883440037811,23.62463002762482,NA,2.75531693809119,10.08293501445574,NA,17.843507391437925,7.252980252646927,9.396072499678901,7.853591512546743,13.142736854253497,12.604188534410588,4.199633931630527,9.738494935504693,7.799055454598898,5.731149223924252,10.259364728055294,NA,16.564790598352186,34.15099199210888,NA,15.272275129932648,18.135677475218834,11.028562343643815,19.514507646568724,NA,NA,7.102721010803507,NA
2020-03-30,NA,11.323894251639606,14.26261844370144,16.02522608173782,16.082382245949695,11.850967027240282,14.667842743046933,11.75410536569718,NA,4.643799135361111,NA,NA,19.749303305517273,NA,14.59934354421033,13.738060513595526,NA,9.459031314727437,NA,NA,NA,19.066491178021018,18.495918421470527,13.791598132235094,NA,11.957587335712136,NA,13.81578917243266,NA,10.780269461427428,14.69086582940613,8.336222495338866,NA,21.52958614249933,12.076855502555313,8.56667443735606,NA,12.647525007286195,9.703755456356777,12.705275990741457,NA,13.522168341718903,NA,8.724653288752197,NA,NA,10.303952893731656,15.661073817521148,9.309752865626349,14.06143243526435,13.510878849471812,9.00113465129615,12.685613490573141,14.741698997918173,23.397773409519214,7.090776157025395,8.39995393511855,11.456449916357844,NA,NA,1.1432894482151197,NA,5.603324695213696,NA,11.441865580502316,7.231129223704576,15.519048536861575,12.129427026193559,8.498678095345909,5.753866095993103,NA,18.56229513151908,15.706167656511042,NA,21.939338683040816,14.29012775811167,28.405880063220565,NA,NA,11.320425502457466,8.294334180089002,NA,10.60431275543266,18.830805345466818,NA,13.741991229489795,19.53579544197611,15.639059845310864,18.993030718614868,4.120977774772605,18.901029918398162,23.9251070025881,NA,3.128211252425106,12.535711510431387,NA,18.815854450293767,8.333902551190945,9.228899715571089,8.438417903090864,18.583487200022393,14.322558371786087,NA,10.295849766353788,8.736178654769995,6.634080028718459,10.91451527997161,NA,NA,36.4760307073833,NA,16.596209328785406,19.533254360031684,11.63365476870833,21.199491900063784,NA,NA,7.250489541403282,NA
2020-03-29,NA,NA,14.652050035810886,17.446429704620915,16.42514368468581,11.32854553890356,15.392237564302539,13.399787020490457,NA,5.53563927060563,NA,NA,18.821624252125634,NA,13.790324382114175,15.339278256914998,NA,9.855642170957069,NA,NA,NA,21.80515032964605,19.85645437534503,16.224309611272364,NA,13.29557265952909,NA,15.776753640688415,NA,NA,15.561934604554683,8.206215063598865,NA,23.335445301013404,13.503669554549912,9.514671925952507,NA,12.622162820406098,10.283453592367753,13.866481860237963,NA,14.525355827198545,NA,9.068674483358086,NA,NA,10.187000974655968,16.79752101122706,9.755042451833658,15.313274176845507,14.48472663616327,8.80191929236526,13.26535420057482,16.515927370601435,27.847160060621984,7.5702645611747705,7.91376789829797,13.690242450825226,NA,NA,1.0409917991626976,NA,4.687223963926179,NA,12.715442611591557,8.402919229515362,18.109692877332165,14.355078028835162,9.399558999245501,NA,NA,18.16005534822996,NA,NA,23.519183960420293,15.133250320239178,30.3239242563078,NA,NA,12.571788366838684,8.933544370437414,NA,11.279028226147503,18.5492399229331,NA,12.810113599496969,18.436140297675117,16.516216260125486,20.74316679458001,3.247617217441571,20.910427101308052,24.0203392327441,NA,4.106865184934645,14.73670912427838,NA,18.86946253912011,9.374647728607359,8.740791988369493,8.900355535512213,25.365929488902697,16.25200588865784,NA,10.26021305939447,9.970540025676463,8.019586592902895,12.037056180203031,NA,NA,36.79452345364914,NA,19.458473320953413,20.307110605044286,11.012243978364495,22.965533691888858,NA,NA,7.264233421669693,NA
2020-03-28,NA,NA,17.088970615291213,NA,20.430275853333317,11.794373272765808,17.725252430005177,16.38820058364377,NA,6.710837491386197,NA,NA,17.741837434108533,NA,NA,18.77446271647373,NA,10.004047314577297,NA,NA,NA,24.571410069633185,20.230386060061267,18.551507061363562,NA,14.104186510125682,NA,17.733796884352245,NA,NA,15.229138735796091,7.872046982637207,NA,27.260322253240183,16.978663521910303,10.287876182386528,NA,12.280656437308231,11.44617185304464,14.831079526343904,NA,14.90187204802626,NA,9.645365608302404,NA,NA,10.18130707203464,17.981145964787853,10.301811905221289,16.410111498535542,14.92338715056268,8.232140071766773,13.494747158526389,17.78472682931788,28.68808094109767,8.023768202850963,6.998396314822064,NA,NA,NA,0.9759525111477707,NA,3.836365524457319,NA,13.551634014397155,11.031608926990243,NA,15.886035553109227,10.28860053473506,NA,NA,18.25941924315304,NA,NA,NA,15.488143195314041,NA,NA,NA,NA,9.377972906870397,NA,11.288887776173622,19.08656596495278,NA,11.928397877576913,17.565924283063474,17.27428929913838,21.4921809731745,2.872391586628583,22.549979894892026,23.018927428314225,NA,5.425186618538924,17.99482362585158,NA,18.195280466015653,9.69671048096903,7.368287749157446,8.641800900234372,29.631772744555906,17.227026805783023,NA,10.225419478861664,11.29121458672065,9.268861362466836,15.239480210046782,NA,NA,37.677662329415725,NA,19.031648896133113,20.00137252571604,11.392081801386302,24.802711661732506,NA,NA,NA,NA
2020-03-27,NA,NA,NA,NA,22.67017876902348,12.681655264220833,20.31948475260156,18.20749702839002,NA,7.790354594143523,NA,NA,16.879550410750614,NA,NA,22.491766836931312,NA,11.094870705276831,NA,NA,NA,26.697413048512743,20.455326441542798,22.779701395477765,NA,NA,NA,21.830315239994405,NA,NA,14.693459418459845,7.314759601952499,NA,NA,21.301108654313644,10.40873256470251,NA,10.4481367850078,12.643418790627774,15.272601627452165,NA,14.487836872298258,NA,10.251917228928546,NA,NA,10.299706370730137,NA,11.011599509432578,18.84121919886952,15.468239345177492,7.437370881353915,12.49127079515872,18.28966773875095,31.152052191820662,8.672007694468002,6.278120918984505,NA,NA,NA,0.9655048981757286,NA,3.7407960298386778,NA,14.765892686930508,13.130282527374538,NA,18.068274847829187,11.25800047231563,NA,NA,18.930191463597748,NA,NA,NA,15.792690074242364,NA,NA,NA,NA,9.746846190066085,NA,12.931395053426613,21.937670331212765,NA,13.352853476371658,18.95217351635437,18.24442481282557,22.770086608979085,2.6646426893460453,23.807296779220565,22.17072986464957,NA,6.743508052143203,19.584343654277735,NA,18.783445049053665,9.985532272700745,7.399603448889962,8.64591714003758,31.087786848547672,18.417153363644697,NA,9.572183940077364,13.181319868329949,10.599090849341497,19.303630721950125,NA,NA,40.85800208767588,NA,19.081555316759918,19.447168837066076,NA,26.543550726277314,NA,NA,NA,NA
2020-03-26,NA,NA,NA,NA,NA,14.536906055580875,23.44737308823676,19.832851044960538,NA,7.865940761681951,NA,NA,17.70147309674454,NA,NA,26.53904386472934,NA,NA,NA,NA,NA,27.461161880346086,23.96977370911728,26.607756625457284,NA,NA,NA,25.587970916847848,NA,NA,14.594093938753764,7.060756573335203,NA,NA,29.69753140075066,10.09437706899919,NA,8.670250110368334,13.954125816435337,15.29420720114468,NA,14.885369446731852,NA,11.271434806512152,NA,NA,11.23322848258695,NA,12.695372706145395,20.520018837751238,16.09247756633975,6.700530262153752,11.159821381017077,18.440214620896768,29.724244906374842,9.707978890663089,6.051697930804852,NA,NA,NA,1.0535007305648862,NA,4.265820410719494,NA,NA,15.006285630164063,NA,22.00885124013167,11.902454311779223,NA,NA,21.275332684965917,NA,NA,NA,16.555131035037615,NA,NA,NA,NA,10.044832807661663,NA,14.383611569768995,25.04952247270557,NA,13.473395977727394,20.415165536683027,19.40865644891683,23.758950034861865,2.6996063245603366,23.475607616769672,21.14582949459541,NA,8.24142097509264,21.651968764167723,NA,21.633697969415323,10.024642073922026,8.357551575780747,9.340060727916725,29.813165027703956,18.19413916689653,NA,9.580182023161873,15.777584116771378,12.327386848596843,23.054196350974987,NA,NA,48.1708448195353,NA,15.955505673719772,20.73932924968715,NA,28.649589796836494,NA,NA,NA,NA
2020-03-25,NA,NA,NA,NA,NA,NA,24.43783209139639,20.652720461364343,NA,7.725277694766282,NA,NA,18.719503451716335,NA,NA,31.531570008866,NA,NA,NA,NA,NA,27.495188852190534,26.042481253367743,NA,NA,NA,NA,NA,NA,NA,17.106495897808365,6.979797072508813,NA,NA,40.362724263413085,10.86843915766121,NA,6.824783806165446,14.935130748077352,15.886540103369288,NA,16.248857356848266,NA,11.181591400939764,NA,NA,12.509030940640812,NA,15.201162842827731,23.542895057700456,18.060728767847003,6.188675281557702,10.449399506718171,22.661035266453652,29.110883666237324,10.988843260922732,5.473191501493487,NA,NA,NA,1.1485044412241852,NA,5.09499992557428,NA,NA,15.158683358752079,NA,27.739718034644877,12.748614566736393,NA,NA,NA,NA,NA,NA,17.495554726807292,NA,NA,NA,NA,10.494955202126569,NA,18.878955260039493,NA,NA,16.613777495622067,20.36096350193481,21.589139377684933,28.1223320068829,2.4995754241789716,21.59039293832654,21.82010523165916,NA,8.851149698704198,23.645306784970522,NA,NA,10.231081589048989,10.765681648717763,10.001609650260008,28.87598838152621,19.01685237496473,NA,9.529035946671996,19.557989066117585,NA,25.46056488688943,NA,NA,NA,NA,14.30283319887747,21.44097573113716,NA,33.49173903431284,NA,NA,NA,NA
2020-03-24,NA,NA,NA,NA,NA,NA,25.589347510671654,21.767154956781425,NA,7.699462072167525,NA,NA,20.504146002544722,NA,NA,35.061294466458975,NA,NA,NA,NA,NA,26.525028629810254,27.50920183127355,NA,NA,NA,NA,NA,NA,NA,19.909598307986915,7.401402741463947,NA,NA,NA,11.176163880576688,NA,6.931096159692363,14.914056607100612,16.256614149067264,NA,19.047160772753116,NA,10.973865755252389,NA,NA,14.00624301749338,NA,17.997661013060803,23.828930917170265,20.737916548835138,5.994949062650419,9.75617105292339,27.44115036754539,27.025003965306766,12.26014838931279,4.916990135203843,NA,NA,NA,1.2813911359880044,NA,6.2585975908708695,NA,NA,15.247571685326326,NA,34.131607301547,13.554257014303417,NA,NA,NA,NA,NA,NA,18.593560442665485,NA,NA,NA,NA,10.58070102962468,NA,22.426779222415856,NA,NA,19.933944089025267,17.919922356426994,22.187804000259902,29.77378583324198,2.395462986893526,19.785122789977297,23.579311784756666,NA,9.617765465353896,24.734062196285542,NA,NA,10.546945501193454,NA,9.797594308579605,NA,19.09118387549462,NA,9.916980952801772,21.908834408896297,NA,26.75228400328909,NA,NA,NA,NA,NA,23.055686692179176,NA,37.20407287599939,NA,NA,NA,NA
2020-03-23,NA,NA,NA,NA,NA,NA,25.13504824416987,22.18897923614518,NA,7.775916701540349,NA,NA,21.403777336857654,NA,NA,38.133543451370386,NA,NA,NA,NA,NA,25.466818005051508,26.543691970462703,NA,NA,NA,NA,NA,NA,NA,24.00948263622001,7.989605530942079,NA,NA,NA,12.829933881521717,NA,7.483180030683445,14.552502517255787,16.630321338056465,NA,21.862449825960233,NA,10.200693980134035,NA,NA,13.614091220265793,NA,20.28660941009804,23.85911234630133,24.162336206146154,6.135137791322569,10.107296646503864,33.094151507808206,28.019298235007426,13.215255085535064,4.408568133704509,NA,NA,NA,1.3655946873529112,NA,6.990403649602728,NA,NA,13.925952040872776,NA,NA,14.673129757764839,NA,NA,NA,NA,NA,NA,19.610865195146445,NA,NA,NA,NA,10.349579779246612,NA,30.25993795165498,NA,NA,NA,16.634157675866092,23.631525202435373,31.912058597192853,2.1042581310377693,18.090343220566353,NA,NA,8.373243968958214,26.16073895324881,NA,NA,11.247503608170307,NA,9.04271775445388,NA,20.195559460562166,NA,9.961824356370704,23.61129999611883,NA,26.059940576772913,NA,NA,NA,NA,NA,23.75334002337634,NA,40.344237577703,NA,NA,NA,NA
2020-03-22,NA,NA,NA,NA,NA,NA,24.265839980575638,22.36314856833499,NA,7.058830850642909,NA,NA,21.49430233053602,NA,NA,37.626624630609776,NA,NA,NA,NA,NA,26.861899102383457,NA,NA,NA,NA,NA,NA,NA,NA,25.764819545091356,8.575238576468388,NA,NA,NA,15.38647225788726,NA,8.879920647101777,13.622797730454746,18.58336954719147,NA,24.932940111689152,NA,9.426687599665266,NA,NA,12.798701838062,NA,20.419612422369063,20.67998232516312,25.905667016995164,6.559278974709648,10.851444506198794,35.959844564811625,25.123303446180287,13.6648062698186,3.7145395724904016,NA,NA,NA,1.3331874364575096,NA,7.448554214519332,NA,NA,11.668257585123124,NA,NA,16.422075095044704,NA,NA,NA,NA,NA,NA,20.65737051737245,NA,NA,NA,NA,9.792676040073337,NA,NA,NA,NA,NA,14.115775229686477,25.149260252644332,31.02210733297169,2.486447688324822,18.55800195534457,NA,NA,7.670126606760008,26.2969113828963,NA,NA,11.590488414928046,NA,8.810875465379857,NA,20.481745740096336,NA,9.98025965309437,22.087542979811786,NA,24.507553213131892,NA,NA,NA,NA,NA,26.408617342619788,NA,40.13327293331777,NA,NA,NA,NA
2020-03-21,NA,NA,NA,NA,NA,NA,22.352045233397327,23.462524692801818,NA,6.337372594258335,NA,NA,21.096556662505524,NA,NA,36.20729274756243,NA,NA,NA,NA,NA,29.208881680671883,NA,NA,NA,NA,NA,NA,NA,NA,27.964362533720017,8.517659830165169,NA,NA,NA,18.000497385260985,NA,12.430132032844925,12.924142264662608,19.741427907904814,NA,26.742821110010723,NA,10.380782252187533,NA,NA,10.755595563932655,NA,18.845328512996133,17.664643627290054,NA,7.111162813665217,11.901515660440266,36.50039069607162,23.043123364587323,13.913322939877991,3.3820525071205663,NA,NA,NA,1.2205825790703912,NA,7.333287212175965,NA,NA,NA,NA,NA,21.854710103650543,NA,NA,NA,NA,NA,NA,20.97560690853085,NA,NA,NA,NA,9.66381381707493,NA,NA,NA,NA,NA,13.819648249154293,27.293190804290326,33.34269793043293,3.830368899833044,18.211680482534312,NA,NA,NA,25.342890495086216,NA,NA,11.222380011204784,NA,9.162752109894953,NA,21.596250213164417,NA,9.383411977096424,22.746115867751733,NA,NA,NA,NA,NA,NA,NA,24.702633714473063,NA,39.87787591622932,NA,NA,NA,NA
2020-03-20,NA,NA,NA,NA,NA,NA,22.349590463532124,24.847935292292693,NA,5.754233752374145,NA,NA,21.089356077785162,NA,NA,29.944874008193146,NA,NA,NA,NA,NA,30.060544343103125,NA,NA,NA,NA,NA,NA,NA,NA,27.84130638798407,7.855967114219513,NA,NA,NA,NA,NA,NA,13.984344280727717,20.811575090130052,NA,27.53025022365006,NA,12.783398054498004,NA,NA,8.825922023958793,NA,16.16789494739192,NA,NA,7.868327402735768,11.451086828880342,NA,20.560923269944276,14.329822538730873,3.7649341377524146,NA,NA,NA,1.131809970536198,NA,NA,NA,NA,NA,NA,NA,27.231705267383685,NA,NA,NA,NA,NA,NA,20.921359254304612,NA,NA,NA,NA,9.512173734651222,NA,NA,NA,NA,NA,NA,NA,33.63900143885451,5.599437376651857,NA,NA,NA,NA,NA,NA,NA,10.280932699701813,NA,11.04519678513624,NA,21.926118039182665,NA,9.258344513803177,21.785923268774724,NA,NA,NA,NA,NA,NA,NA,24.77309384440381,NA,35.955089263263574,NA,NA,NA,NA
2020-03-19,NA,NA,NA,NA,NA,NA,22.628292827302253,26.911877546236376,NA,4.847133371442884,NA,NA,21.994961311944184,NA,NA,NA,NA,NA,NA,NA,NA,28.660168447160455,NA,NA,NA,NA,NA,NA,NA,NA,NA,8.38470969062349,NA,NA,NA,NA,NA,NA,NA,20.111623989131022,NA,27.255629389991398,NA,NA,NA,NA,6.312320502096765,NA,NA,NA,NA,8.730561416786882,NA,NA,NA,15.06590778571119,4.6852809744181005,NA,NA,NA,1.1161937697816555,NA,NA,NA,NA,NA,NA,NA,31.23752051099616,NA,NA,NA,NA,NA,NA,20.84552184622473,NA,NA,NA,NA,10.681976994478001,NA,NA,NA,NA,NA,NA,NA,NA,7.381016438237187,NA,NA,NA,NA,NA,NA,NA,8.891451826049787,NA,NA,NA,23.395274274606525,NA,10.160996094018001,23.61897032350029,NA,NA,NA,NA,NA,NA,NA,23.755563961610736,NA,32.39527035793121,NA,NA,NA,NA
2020-03-18,NA,NA,NA,NA,NA,NA,23.269610635044067,29.47003221053528,NA,3.5492313125899067,NA,NA,24.126079631807574,NA,NA,NA,NA,NA,NA,NA,NA,28.21992111255438,NA,NA,NA,NA,NA,NA,NA,NA,NA,11.07479928936086,NA,NA,NA,NA,NA,NA,NA,21.55336312067424,NA,28.387244800253846,NA,NA,NA,NA,4.975673388929584,NA,NA,NA,NA,9.759715700867103,NA,NA,NA,16.19626887334787,5.33996573884441,NA,NA,NA,1.1339147165963996,NA,NA,NA,NA,NA,NA,NA,31.276887341758,NA,NA,NA,NA,NA,NA,21.603134905407217,NA,NA,NA,NA,13.184418899674988,NA,NA,NA,NA,NA,NA,NA,NA,8.865741995933611,NA,NA,NA,NA,NA,NA,NA,7.622862741814666,NA,NA,NA,27.169896085821396,NA,13.072579066562051,24.610898304006778,NA,NA,NA,NA,NA,NA,NA,26.65406816808474,NA,29.433475013703095,NA,NA,NA,NA
2020-03-17,NA,NA,NA,NA,NA,NA,23.08192636036457,32.7085431924573,NA,6.429857569354954,NA,NA,25.96434825474166,NA,NA,NA,NA,NA,NA,NA,NA,NA,NA,NA,NA,NA,NA,NA,NA,NA,NA,17.84249815038545,NA,NA,NA,NA,NA,NA,NA,21.705467672312185,NA,29.85908404091715,NA,NA,NA,NA,4.1955948195724275,NA,NA,NA,NA,10.686861564057079,NA,NA,NA,17.65959020998724,6.259798253352182,NA,NA,NA,1.3359021511410996,NA,NA,NA,NA,NA,NA,NA,29.640117288665788,NA,NA,NA,NA,NA,NA,22.862441832000087,NA,NA,NA,NA,18.437030125942808,NA,NA,NA,NA,NA,NA,NA,NA,NA,NA,NA,NA,NA,NA,NA,NA,6.882925507619937,NA,NA,NA,31.868269010330454,NA,17.769934734069064,29.07144232912211,NA,NA,NA,NA,NA,NA,NA,25.819072712991463,NA,29.616743728453294,NA,NA,NA,NA
2020-03-16,NA,NA,NA,NA,NA,NA,NA,35.7485262683788,NA,NA,NA,NA,26.06542336481421,NA,NA,NA,NA,NA,NA,NA,NA,NA,NA,NA,NA,NA,NA,NA,NA,NA,NA,NA,NA,NA,NA,NA,NA,NA,NA,24.681655831465,NA,31.253047522435576,NA,NA,NA,NA,4.033292103323031,NA,NA,NA,NA,11.520803153556805,NA,NA,NA,18.422315105505643,7.284544115182179,NA,NA,NA,1.4857885355438267,NA,NA,NA,NA,NA,NA,NA,24.320710818819123,NA,NA,NA,NA,NA,NA,23.98139263176159,NA,NA,NA,NA,27.358247020572303,NA,NA,NA,NA,NA,NA,NA,NA,NA,NA,NA,NA,NA,NA,NA,NA,6.912930870196192,NA,NA,NA,37.62178317005633,NA,23.93679218097946,30.652200915019744,NA,NA,NA,NA,NA,NA,NA,26.951142625925513,NA,31.66844306943982,NA,NA,NA,NA
2020-03-15,NA,NA,NA,NA,NA,NA,NA,37.16951165283726,NA,NA,NA,NA,24.506008906472804,NA,NA,NA,NA,NA,NA,NA,NA,NA,NA,NA,NA,NA,NA,NA,NA,NA,NA,NA,NA,NA,NA,NA,NA,NA,NA,25.565947254409867,NA,30.59899342696589,NA,NA,NA,NA,3.7185495350687456,NA,NA,NA,NA,11.804803865567347,NA,NA,NA,18.930297606944077,7.720889536276994,NA,NA,NA,1.6674145539938994,NA,NA,NA,NA,NA,NA,NA,NA,NA,NA,NA,NA,NA,NA,24.620608612115213,NA,NA,NA,NA,35.37290466326865,NA,NA,NA,NA,NA,NA,NA,NA,NA,NA,NA,NA,NA,NA,NA,NA,6.745915388587871,NA,NA,NA,43.096001032808694,NA,28.89394007863345,30.666274411221657,NA,NA,NA,NA,NA,NA,NA,25.747009934974805,NA,32.99270612638646,NA,NA,NA,NA
2020-03-14,NA,NA,NA,NA,NA,NA,NA,NA,NA,NA,NA,NA,22.434912940660684,NA,NA,NA,NA,NA,NA,NA,NA,NA,NA,NA,NA,NA,NA,NA,NA,NA,NA,NA,NA,NA,NA,NA,NA,NA,NA,27.282049816181637,NA,29.474500106012357,NA,NA,NA,NA,3.6919807195920327,NA,NA,NA,NA,11.870831762648441,NA,NA,NA,19.320318646832124,7.766981033140248,NA,NA,NA,1.8582247851091453,NA,NA,NA,NA,NA,NA,NA,NA,NA,NA,NA,NA,NA,NA,25.93323121446982,NA,NA,NA,NA,40.446174022484236,NA,NA,NA,NA,NA,NA,NA,NA,NA,NA,NA,NA,NA,NA,NA,NA,6.526092461037962,NA,NA,NA,47.75234653761863,NA,31.87019381534686,28.10226994056615,NA,NA,NA,NA,NA,NA,NA,25.923873484702998,NA,34.44223154360064,NA,NA,NA,NA
2020-03-13,NA,NA,NA,NA,NA,NA,NA,NA,NA,NA,NA,NA,22.428877385355893,NA,NA,NA,NA,NA,NA,NA,NA,NA,NA,NA,NA,NA,NA,NA,NA,NA,NA,NA,NA,NA,NA,NA,NA,NA,NA,26.819741511396188,NA,26.80982440417125,NA,NA,NA,NA,3.462134585196782,NA,NA,NA,NA,12.35622217340188,NA,NA,NA,20.544674798714766,7.808576232941422,NA,NA,NA,2.432958914633132,NA,NA,NA,NA,NA,NA,NA,NA,NA,NA,NA,NA,NA,NA,28.245362445854028,NA,NA,NA,NA,40.82518476044849,NA,NA,NA,NA,NA,NA,NA,NA,NA,NA,NA,NA,NA,NA,NA,NA,6.300322259102546,NA,NA,NA,47.322938266537975,NA,34.06455097703677,26.608422823576525,NA,NA,NA,NA,NA,NA,NA,23.92269978194707,NA,34.84593263460885,NA,NA,NA,NA
2020-03-12,NA,NA,NA,NA,NA,NA,NA,NA,NA,NA,NA,NA,NA,NA,NA,NA,NA,NA,NA,NA,NA,NA,NA,NA,NA,NA,NA,NA,NA,NA,NA,NA,NA,NA,NA,NA,NA,NA,NA,30.116431530793587,NA,25.490629335628313,NA,NA,NA,NA,3.2691206286137455,NA,NA,NA,NA,14.496105576315427,NA,NA,NA,21.29814177571731,8.855218188095218,NA,NA,NA,3.27973677584951,NA,NA,NA,NA,NA,NA,NA,NA,NA,NA,NA,NA,NA,NA,NA,NA,NA,NA,NA,NA,NA,NA,NA,NA,NA,NA,NA,NA,NA,NA,NA,NA,NA,NA,NA,NA,6.47955716510306,NA,NA,NA,45.622348807196104,NA,NA,28.721092079773648,NA,NA,NA,NA,NA,NA,NA,24.952393759565275,NA,35.28659445678972,NA,NA,NA,NA
2020-03-11,NA,NA,NA,NA,NA,NA,NA,NA,NA,NA,NA,NA,NA,NA,NA,NA,NA,NA,NA,NA,NA,NA,NA,NA,NA,NA,NA,NA,NA,NA,NA,NA,NA,NA,NA,NA,NA,NA,NA,32.76299259865549,NA,27.6905095441976,NA,NA,NA,NA,2.621926385922143,NA,NA,NA,NA,17.099620476110807,NA,NA,NA,22.508898302389603,9.291573584098986,NA,NA,NA,4.4903727131062015,NA,NA,NA,NA,NA,NA,NA,NA,NA,NA,NA,NA,NA,NA,NA,NA,NA,NA,NA,NA,NA,NA,NA,NA,NA,NA,NA,NA,NA,NA,NA,NA,NA,NA,NA,NA,6.448770217313471,NA,NA,NA,41.41466565138135,NA,NA,NA,NA,NA,NA,NA,NA,NA,NA,NA,NA,34.444989665246155,NA,NA,NA,NA
2020-03-10,NA,NA,NA,NA,NA,NA,NA,NA,NA,NA,NA,NA,NA,NA,NA,NA,NA,NA,NA,NA,NA,NA,NA,NA,NA,NA,NA,NA,NA,NA,NA,NA,NA,NA,NA,NA,NA,NA,NA,36.94216567380257,NA,33.13724893469769,NA,NA,NA,NA,NA,NA,NA,NA,NA,20.203536645922426,NA,NA,NA,23.264707911738046,10.163064526277406,NA,NA,NA,5.763252241345278,NA,NA,NA,NA,NA,NA,NA,NA,NA,NA,NA,NA,NA,NA,NA,NA,NA,NA,NA,NA,NA,NA,NA,NA,NA,NA,NA,NA,NA,NA,NA,NA,NA,NA,NA,NA,6.419717128633162,NA,NA,NA,38.3704696766343,NA,NA,NA,NA,NA,NA,NA,NA,NA,NA,NA,NA,33.46876664369443,NA,NA,NA,NA
2020-03-09,NA,NA,NA,NA,NA,NA,NA,NA,NA,NA,NA,NA,NA,NA,NA,NA,NA,NA,NA,NA,NA,NA,NA,NA,NA,NA,NA,NA,NA,NA,NA,NA,NA,NA,NA,NA,NA,NA,NA,37.50564097357995,NA,37.58707497530567,NA,NA,NA,NA,NA,NA,NA,NA,NA,24.580354939394546,NA,NA,NA,24.03110470018383,10.469703940861137,NA,NA,NA,7.7268003582460665,NA,NA,NA,NA,NA,NA,NA,NA,NA,NA,NA,NA,NA,NA,NA,NA,NA,NA,NA,NA,NA,NA,NA,NA,NA,NA,NA,NA,NA,NA,NA,NA,NA,NA,NA,NA,5.941223275628331,NA,NA,NA,34.17989339615215,NA,NA,NA,NA,NA,NA,NA,NA,NA,NA,NA,NA,NA,NA,NA,NA,NA
2020-03-08,NA,NA,NA,NA,NA,NA,NA,NA,NA,NA,NA,NA,NA,NA,NA,NA,NA,NA,NA,NA,NA,NA,NA,NA,NA,NA,NA,NA,NA,NA,NA,NA,NA,NA,NA,NA,NA,NA,NA,39.097515579579756,NA,38.84860389879165,NA,NA,NA,NA,NA,NA,NA,NA,NA,30.420781120351055,NA,NA,NA,23.36072972148618,10.914705231714022,NA,NA,NA,9.778467557095526,NA,NA,NA,NA,NA,NA,NA,NA,NA,NA,NA,NA,NA,NA,NA,NA,NA,NA,NA,NA,NA,NA,NA,NA,NA,NA,NA,NA,NA,NA,NA,NA,NA,NA,NA,NA,5.196833569039454,NA,NA,NA,NA,NA,NA,NA,NA,NA,NA,NA,NA,NA,NA,NA,NA,NA,NA,NA,NA,NA
2020-03-07,NA,NA,NA,NA,NA,NA,NA,NA,NA,NA,NA,NA,NA,NA,NA,NA,NA,NA,NA,NA,NA,NA,NA,NA,NA,NA,NA,NA,NA,NA,NA,NA,NA,NA,NA,NA,NA,NA,NA,NA,NA,NA,NA,NA,NA,NA,NA,NA,NA,NA,NA,37.01164820065672,NA,NA,NA,24.609781747847812,9.910467309032297,NA,NA,NA,12.10100772430529,NA,NA,NA,NA,NA,NA,NA,NA,NA,NA,NA,NA,NA,NA,NA,NA,NA,NA,NA,NA,NA,NA,NA,NA,NA,NA,NA,NA,NA,NA,NA,NA,NA,NA,NA,NA,3.990995628646917,NA,NA,NA,NA,NA,NA,NA,NA,NA,NA,NA,NA,NA,NA,NA,NA,NA,NA,NA,NA,NA
2020-03-06,NA,NA,NA,NA,NA,NA,NA,NA,NA,NA,NA,NA,NA,NA,NA,NA,NA,NA,NA,NA,NA,NA,NA,NA,NA,NA,NA,NA,NA,NA,NA,NA,NA,NA,NA,NA,NA,NA,NA,NA,NA,NA,NA,NA,NA,NA,NA,NA,NA,NA,NA,43.21349510729701,NA,NA,NA,26.167970482873184,8.835259064147682,NA,NA,NA,15.101309384176213,NA,NA,NA,NA,NA,NA,NA,NA,NA,NA,NA,NA,NA,NA,NA,NA,NA,NA,NA,NA,NA,NA,NA,NA,NA,NA,NA,NA,NA,NA,NA,NA,NA,NA,NA,NA,NA,NA,NA,NA,NA,NA,NA,NA,NA,NA,NA,NA,NA,NA,NA,NA,NA,NA,NA,NA,NA,NA
2020-03-05,NA,NA,NA,NA,NA,NA,NA,NA,NA,NA,NA,NA,NA,NA,NA,NA,NA,NA,NA,NA,NA,NA,NA,NA,NA,NA,NA,NA,NA,NA,NA,NA,NA,NA,NA,NA,NA,NA,NA,NA,NA,NA,NA,NA,NA,NA,NA,NA,NA,NA,NA,49.82341344851754,NA,NA,NA,28.979541196252427,7.527671129595418,NA,NA,NA,19.10519367834759,NA,NA,NA,NA,NA,NA,NA,NA,NA,NA,NA,NA,NA,NA,NA,NA,NA,NA,NA,NA,NA,NA,NA,NA,NA,NA,NA,NA,NA,NA,NA,NA,NA,NA,NA,NA,NA,NA,NA,NA,NA,NA,NA,NA,NA,NA,NA,NA,NA,NA,NA,NA,NA,NA,NA,NA,NA,NA
2020-03-04,NA,NA,NA,NA,NA,NA,NA,NA,NA,NA,NA,NA,NA,NA,NA,NA,NA,NA,NA,NA,NA,NA,NA,NA,NA,NA,NA,NA,NA,NA,NA,NA,NA,NA,NA,NA,NA,NA,NA,NA,NA,NA,NA,NA,NA,NA,NA,NA,NA,NA,NA,55.89351503550882,NA,NA,NA,31.37304007642281,7.3121372339037745,NA,NA,NA,23.74755782700096,NA,NA,NA,NA,NA,NA,NA,NA,NA,NA,NA,NA,NA,NA,NA,NA,NA,NA,NA,NA,NA,NA,NA,NA,NA,NA,NA,NA,NA,NA,NA,NA,NA,NA,NA,NA,NA,NA,NA,NA,NA,NA,NA,NA,NA,NA,NA,NA,NA,NA,NA,NA,NA,NA,NA,NA,NA,NA
2020-03-03,NA,NA,NA,NA,NA,NA,NA,NA,NA,NA,NA,NA,NA,NA,NA,NA,NA,NA,NA,NA,NA,NA,NA,NA,NA,NA,NA,NA,NA,NA,NA,NA,NA,NA,NA,NA,NA,NA,NA,NA,NA,NA,NA,NA,NA,NA,NA,NA,NA,NA,NA,NA,NA,NA,NA,35.06220454642394,7.576033655881628,NA,NA,NA,27.607798605522813,NA,NA,NA,NA,NA,NA,NA,NA,NA,NA,NA,NA,NA,NA,NA,NA,NA,NA,NA,NA,NA,NA,NA,NA,NA,NA,NA,NA,NA,NA,NA,NA,NA,NA,NA,NA,NA,NA,NA,NA,NA,NA,NA,NA,NA,NA,NA,NA,NA,NA,NA,NA,NA,NA,NA,NA,NA,NA
2020-03-02,NA,NA,NA,NA,NA,NA,NA,NA,NA,NA,NA,NA,NA,NA,NA,NA,NA,NA,NA,NA,NA,NA,NA,NA,NA,NA,NA,NA,NA,NA,NA,NA,NA,NA,NA,NA,NA,NA,NA,NA,NA,NA,NA,NA,NA,NA,NA,NA,NA,NA,NA,NA,NA,NA,NA,37.335735484863065,8.305370344222851,NA,NA,NA,29.752751100350576,NA,NA,NA,NA,NA,NA,NA,NA,NA,NA,NA,NA,NA,NA,NA,NA,NA,NA,NA,NA,NA,NA,NA,NA,NA,NA,NA,NA,NA,NA,NA,NA,NA,NA,NA,NA,NA,NA,NA,NA,NA,NA,NA,NA,NA,NA,NA,NA,NA,NA,NA,NA,NA,NA,NA,NA,NA,NA
2020-03-01,NA,NA,NA,NA,NA,NA,NA,NA,NA,NA,NA,NA,NA,NA,NA,NA,NA,NA,NA,NA,NA,NA,NA,NA,NA,NA,NA,NA,NA,NA,NA,NA,NA,NA,NA,NA,NA,NA,NA,NA,NA,NA,NA,NA,NA,NA,NA,NA,NA,NA,NA,NA,NA,NA,NA,39.574924453905126,8.793586295431181,NA,NA,NA,30.80279063087401,NA,NA,NA,NA,NA,NA,NA,NA,NA,NA,NA,NA,NA,NA,NA,NA,NA,NA,NA,NA,NA,NA,NA,NA,NA,NA,NA,NA,NA,NA,NA,NA,NA,NA,NA,NA,NA,NA,NA,NA,NA,NA,NA,NA,NA,NA,NA,NA,NA,NA,NA,NA,NA,NA,NA,NA,NA,NA